country;year;hdi
Afghanistan;2000;
Afghanistan;2001;
Afghanistan;2002;0.373
Afghanistan;2003;0.38299999999999995
Afghanistan;2004;0.39799999999999996
Afghanistan;2005;0.408
Afghanistan;2006;0.41700000000000004
Afghanistan;2007;0.429
Afghanistan;2008;0.43700000000000006
Afghanistan;2009;0.45299999999999996
Afghanistan;2010;0.46299999999999997
Afghanistan;2011;0.47100000000000003
Afghanistan;2012;0.48200000000000004
Afghanistan;2013;0.48700000000000004
Afghanistan;2014;0.491
Afghanistan;2015;0.493
Albania;2000;0.669
Albania;2001;0.6759999999999999
Albania;2002;0.682
Albania;2003;0.6890000000000001
Albania;2004;0.6940000000000001
Albania;2005;0.7040000000000001
Albania;2006;0.711
Albania;2007;0.72
Albania;2008;0.7240000000000001
Albania;2009;0.7290000000000001
Albania;2010;0.741
Albania;2011;0.752
Albania;2012;0.767
Albania;2013;0.7709999999999999
Albania;2014;0.773
Albania;2015;0.7759999999999999
Algeria;2000;0.644
Algeria;2001;0.653
Algeria;2002;0.664
Algeria;2003;0.674
Algeria;2004;0.684
Algeria;2005;0.6920000000000001
Algeria;2006;0.698
Algeria;2007;0.7070000000000001
Algeria;2008;0.7090000000000001
Algeria;2009;0.7190000000000001
Algeria;2010;0.7290000000000001
Algeria;2011;0.736
Algeria;2012;0.74
Algeria;2013;0.745
Algeria;2014;0.747
Algeria;2015;0.7490000000000001
Andorra;2000;0.759
Andorra;2001;0.767
Andorra;2002;0.78
Andorra;2003;0.82
Andorra;2004;0.826
Andorra;2005;0.8190000000000001
Andorra;2006;0.8290000000000001
Andorra;2007;0.8290000000000001
Andorra;2008;0.831
Andorra;2009;0.83
Andorra;2010;0.828
Andorra;2011;0.8270000000000001
Andorra;2012;0.8490000000000001
Andorra;2013;0.85
Andorra;2014;0.853
Andorra;2015;0.8540000000000001
Angola;2000;0.387
Angola;2001;0.401
Angola;2002;0.418
Angola;2003;0.429
Angola;2004;0.442
Angola;2005;0.455
Angola;2006;0.47100000000000003
Angola;2007;0.49200000000000005
Angola;2008;0.502
Angola;2009;0.522
Angola;2010;0.52
Angola;2011;0.535
Angola;2012;0.5429999999999999
Angola;2013;0.5539999999999999
Angola;2014;0.564
Angola;2015;0.5720000000000001
Antigua and Barbuda;2000;
Antigua and Barbuda;2001;
Antigua and Barbuda;2002;
Antigua and Barbuda;2003;
Antigua and Barbuda;2004;
Antigua and Barbuda;2005;0.7659999999999999
Antigua and Barbuda;2006;0.772
Antigua and Barbuda;2007;0.778
Antigua and Barbuda;2008;0.777
Antigua and Barbuda;2009;0.77
Antigua and Barbuda;2010;0.7659999999999999
Antigua and Barbuda;2011;0.762
Antigua and Barbuda;2012;0.765
Antigua and Barbuda;2013;0.768
Antigua and Barbuda;2014;0.77
Antigua and Barbuda;2015;0.775
Argentina;2000;0.7709999999999999
Argentina;2001;0.7759999999999999
Argentina;2002;0.769
Argentina;2003;0.775
Argentina;2004;0.78
Argentina;2005;0.782
Argentina;2006;0.787
Argentina;2007;0.792
Argentina;2008;0.795
Argentina;2009;0.799
Argentina;2010;0.813
Argentina;2011;0.8190000000000001
Argentina;2012;0.818
Argentina;2013;0.82
Argentina;2014;0.82
Argentina;2015;0.8220000000000001
Armenia;2000;0.647
Armenia;2001;0.652
Armenia;2002;0.6629999999999999
Armenia;2003;0.672
Armenia;2004;0.68
Armenia;2005;0.693
Armenia;2006;0.706
Armenia;2007;0.72
Armenia;2008;0.727
Armenia;2009;0.7240000000000001
Armenia;2010;0.728
Armenia;2011;0.731
Armenia;2012;0.737
Armenia;2013;0.742
Armenia;2014;0.745
Armenia;2015;0.748
Australia;2000;0.898
Australia;2001;0.9
Australia;2002;0.903
Australia;2003;0.904
Australia;2004;0.907
Australia;2005;0.9079999999999999
Australia;2006;0.9109999999999999
Australia;2007;0.915
Australia;2008;0.92
Australia;2009;0.9209999999999999
Australia;2010;0.9229999999999999
Australia;2011;0.925
Australia;2012;0.929
Australia;2013;0.9309999999999999
Australia;2014;0.9329999999999999
Australia;2015;0.9359999999999999
Austria;2000;0.838
Austria;2001;0.8490000000000001
Austria;2002;0.838
Austria;2003;0.8420000000000001
Austria;2004;0.8490000000000001
Austria;2005;0.855
Austria;2006;0.861
Austria;2007;0.8809999999999999
Austria;2008;0.884
Austria;2009;0.8859999999999999
Austria;2010;0.895
Austria;2011;0.897
Austria;2012;0.899
Austria;2013;0.897
Austria;2014;0.9009999999999999
Austria;2015;0.903
Azerbaijan;2000;0.64
Azerbaijan;2001;0.648
Azerbaijan;2002;0.657
Azerbaijan;2003;0.6659999999999999
Azerbaijan;2004;0.674
Azerbaijan;2005;0.679
Azerbaijan;2006;0.7040000000000001
Azerbaijan;2007;0.7090000000000001
Azerbaijan;2008;0.7190000000000001
Azerbaijan;2009;0.736
Azerbaijan;2010;0.74
Azerbaijan;2011;0.741
Azerbaijan;2012;0.745
Azerbaijan;2013;0.752
Azerbaijan;2014;0.758
Azerbaijan;2015;0.758
Bahamas;2000;0.7759999999999999
Bahamas;2001;0.779
Bahamas;2002;0.7809999999999999
Bahamas;2003;0.782
Bahamas;2004;0.784
Bahamas;2005;0.7859999999999999
Bahamas;2006;0.7879999999999999
Bahamas;2007;0.789
Bahamas;2008;0.79
Bahamas;2009;0.787
Bahamas;2010;0.789
Bahamas;2011;0.7929999999999999
Bahamas;2012;0.807
Bahamas;2013;0.807
Bahamas;2014;0.807
Bahamas;2015;0.807
Bahrain;2000;0.792
Bahrain;2001;0.792
Bahrain;2002;0.7909999999999999
Bahrain;2003;0.7929999999999999
Bahrain;2004;0.792
Bahrain;2005;0.7909999999999999
Bahrain;2006;0.7929999999999999
Bahrain;2007;0.7959999999999999
Bahrain;2008;0.7959999999999999
Bahrain;2009;0.794
Bahrain;2010;0.7959999999999999
Bahrain;2011;0.7979999999999999
Bahrain;2012;0.8
Bahrain;2013;0.807
Bahrain;2014;0.81
Bahrain;2015;0.8320000000000001
Bangladesh;2000;0.46799999999999997
Bangladesh;2001;0.47700000000000004
Bangladesh;2002;0.483
Bangladesh;2003;0.49
Bangladesh;2004;0.49700000000000005
Bangladesh;2005;0.505
Bangladesh;2006;0.513
Bangladesh;2007;0.52
Bangladesh;2008;0.523
Bangladesh;2009;0.535
Bangladesh;2010;0.545
Bangladesh;2011;0.557
Bangladesh;2012;0.5670000000000001
Bangladesh;2013;0.575
Bangladesh;2014;0.583
Bangladesh;2015;0.5920000000000001
Barbados;2000;0.752
Barbados;2001;0.7509999999999999
Barbados;2002;0.754
Barbados;2003;0.759
Barbados;2004;0.762
Barbados;2005;0.767
Barbados;2006;0.772
Barbados;2007;0.777
Barbados;2008;0.7809999999999999
Barbados;2009;0.7829999999999999
Barbados;2010;0.782
Barbados;2011;0.787
Barbados;2012;0.795
Barbados;2013;0.7959999999999999
Barbados;2014;0.7959999999999999
Barbados;2015;0.797
Belarus;2000;0.6829999999999999
Belarus;2001;0.6890000000000001
Belarus;2002;0.696
Belarus;2003;0.705
Belarus;2004;0.715
Belarus;2005;0.725
Belarus;2006;0.741
Belarus;2007;0.757
Belarus;2008;0.774
Belarus;2009;0.784
Belarus;2010;0.792
Belarus;2011;0.7979999999999999
Belarus;2012;0.8029999999999999
Belarus;2013;0.804
Belarus;2014;0.807
Belarus;2015;0.805
Belgium;2000;0.873
Belgium;2001;0.8759999999999999
Belgium;2002;0.879
Belgium;2003;0.882
Belgium;2004;0.885
Belgium;2005;0.889
Belgium;2006;0.8959999999999999
Belgium;2007;0.899
Belgium;2008;0.899
Belgium;2009;0.899
Belgium;2010;0.903
Belgium;2011;0.904
Belgium;2012;0.905
Belgium;2013;0.9079999999999999
Belgium;2014;0.909
Belgium;2015;0.9129999999999999
Belize;2000;0.677
Belize;2001;0.679
Belize;2002;0.685
Belize;2003;0.6920000000000001
Belize;2004;0.696
Belize;2005;0.693
Belize;2006;0.7
Belize;2007;0.6990000000000001
Belize;2008;0.7
Belize;2009;0.6990000000000001
Belize;2010;0.6990000000000001
Belize;2011;0.7020000000000001
Belize;2012;0.706
Belize;2013;0.705
Belize;2014;0.706
Belize;2015;0.7090000000000001
Benin;2000;0.39799999999999996
Benin;2001;0.41
Benin;2002;0.419
Benin;2003;0.426
Benin;2004;0.434
Benin;2005;0.44
Benin;2006;0.447
Benin;2007;0.455
Benin;2008;0.462
Benin;2009;0.46799999999999997
Benin;2010;0.473
Benin;2011;0.479
Benin;2012;0.489
Benin;2013;0.5
Benin;2014;0.505
Benin;2015;0.508
Bhutan;2000;
Bhutan;2001;
Bhutan;2002;
Bhutan;2003;
Bhutan;2004;
Bhutan;2005;0.51
Bhutan;2006;0.521
Bhutan;2007;0.535
Bhutan;2008;0.5429999999999999
Bhutan;2009;0.5539999999999999
Bhutan;2010;0.5660000000000001
Bhutan;2011;0.575
Bhutan;2012;0.585
Bhutan;2013;0.589
Bhutan;2014;0.599
Bhutan;2015;0.603
Bolivia (Plurinational State of);2000;0.608
Bolivia (Plurinational State of);2001;0.611
Bolivia (Plurinational State of);2002;0.617
Bolivia (Plurinational State of);2003;0.621
Bolivia (Plurinational State of);2004;0.622
Bolivia (Plurinational State of);2005;0.624
Bolivia (Plurinational State of);2006;0.63
Bolivia (Plurinational State of);2007;0.631
Bolivia (Plurinational State of);2008;0.64
Bolivia (Plurinational State of);2009;0.647
Bolivia (Plurinational State of);2010;0.649
Bolivia (Plurinational State of);2011;0.655
Bolivia (Plurinational State of);2012;0.662
Bolivia (Plurinational State of);2013;0.6679999999999999
Bolivia (Plurinational State of);2014;0.675
Bolivia (Plurinational State of);2015;0.6809999999999999
Bosnia and Herzegovina;2000;0.672
Bosnia and Herzegovina;2001;0.677
Bosnia and Herzegovina;2002;0.6829999999999999
Bosnia and Herzegovina;2003;0.688
Bosnia and Herzegovina;2004;0.6940000000000001
Bosnia and Herzegovina;2005;0.7
Bosnia and Herzegovina;2006;0.706
Bosnia and Herzegovina;2007;0.7120000000000001
Bosnia and Herzegovina;2008;0.7190000000000001
Bosnia and Herzegovina;2009;0.72
Bosnia and Herzegovina;2010;0.713
Bosnia and Herzegovina;2011;0.721
Bosnia and Herzegovina;2012;0.7390000000000001
Bosnia and Herzegovina;2013;0.747
Bosnia and Herzegovina;2014;0.754
Bosnia and Herzegovina;2015;0.755
Botswana;2000;0.565
Botswana;2001;0.5670000000000001
Botswana;2002;0.5660000000000001
Botswana;2003;0.575
Botswana;2004;0.584
Botswana;2005;0.596
Botswana;2006;0.611
Botswana;2007;0.625
Botswana;2008;0.639
Botswana;2009;0.648
Botswana;2010;0.66
Botswana;2011;0.6729999999999999
Botswana;2012;0.6829999999999999
Botswana;2013;0.693
Botswana;2014;0.701
Botswana;2015;0.706
Brazil;2000;0.684
Brazil;2001;0.691
Brazil;2002;0.698
Brazil;2003;0.695
Brazil;2004;0.698
Brazil;2005;0.7
Brazil;2006;0.7020000000000001
Brazil;2007;0.705
Brazil;2008;0.716
Brazil;2009;0.718
Brazil;2010;0.727
Brazil;2011;0.731
Brazil;2012;0.736
Brazil;2013;0.748
Brazil;2014;0.752
Brazil;2015;0.757
Brunei Darussalam;2000;0.8190000000000001
Brunei Darussalam;2001;0.82
Brunei Darussalam;2002;0.823
Brunei Darussalam;2003;0.828
Brunei Darussalam;2004;0.8340000000000001
Brunei Darussalam;2005;0.838
Brunei Darussalam;2006;0.84
Brunei Darussalam;2007;0.84
Brunei Darussalam;2008;0.84
Brunei Darussalam;2009;0.8420000000000001
Brunei Darussalam;2010;0.8420000000000001
Brunei Darussalam;2011;0.846
Brunei Darussalam;2012;0.852
Brunei Darussalam;2013;0.853
Brunei Darussalam;2014;0.853
Brunei Darussalam;2015;0.852
Bulgaria;2000;0.7120000000000001
Bulgaria;2001;0.722
Bulgaria;2002;0.7290000000000001
Bulgaria;2003;0.738
Bulgaria;2004;0.745
Bulgaria;2005;0.75
Bulgaria;2006;0.7559999999999999
Bulgaria;2007;0.764
Bulgaria;2008;0.7709999999999999
Bulgaria;2009;0.774
Bulgaria;2010;0.779
Bulgaria;2011;0.782
Bulgaria;2012;0.7859999999999999
Bulgaria;2013;0.792
Bulgaria;2014;0.797
Bulgaria;2015;0.807
Burkina Faso;2000;0.28600000000000003
Burkina Faso;2001;0.29
Burkina Faso;2002;0.29600000000000004
Burkina Faso;2003;0.303
Burkina Faso;2004;0.312
Burkina Faso;2005;0.324
Burkina Faso;2006;0.33299999999999996
Burkina Faso;2007;0.344
Burkina Faso;2008;0.35700000000000004
Burkina Faso;2009;0.366
Burkina Faso;2010;0.375
Burkina Faso;2011;0.385
Burkina Faso;2012;0.39399999999999996
Burkina Faso;2013;0.401
Burkina Faso;2014;0.405
Burkina Faso;2015;0.41200000000000003
Burundi;2000;0.303
Burundi;2001;0.302
Burundi;2002;0.31
Burundi;2003;0.316
Burundi;2004;0.324
Burundi;2005;0.33
Burundi;2006;0.35
Burundi;2007;0.361
Burundi;2008;0.37200000000000005
Burundi;2009;0.387
Burundi;2010;0.395
Burundi;2011;0.40299999999999997
Burundi;2012;0.408
Burundi;2013;0.414
Burundi;2014;0.42100000000000004
Burundi;2015;0.418
Cabo Verde;2000;0.57
Cabo Verde;2001;0.575
Cabo Verde;2002;0.585
Cabo Verde;2003;0.589
Cabo Verde;2004;0.5920000000000001
Cabo Verde;2005;0.598
Cabo Verde;2006;0.613
Cabo Verde;2007;0.619
Cabo Verde;2008;0.625
Cabo Verde;2009;0.626
Cabo Verde;2010;0.629
Cabo Verde;2011;0.635
Cabo Verde;2012;0.636
Cabo Verde;2013;0.642
Cabo Verde;2014;0.644
Cabo Verde;2015;0.647
Cambodia;2000;0.42
Cambodia;2001;0.434
Cambodia;2002;0.45299999999999996
Cambodia;2003;0.466
Cambodia;2004;0.478
Cambodia;2005;0.49
Cambodia;2006;0.502
Cambodia;2007;0.513
Cambodia;2008;0.521
Cambodia;2009;0.521
Cambodia;2010;0.537
Cambodia;2011;0.546
Cambodia;2012;0.5529999999999999
Cambodia;2013;0.56
Cambodia;2014;0.5660000000000001
Cambodia;2015;0.5710000000000001
Cameroon;2000;0.431
Cameroon;2001;0.44799999999999995
Cameroon;2002;0.451
Cameroon;2003;0.45799999999999996
Cameroon;2004;0.46399999999999997
Cameroon;2005;0.466
Cameroon;2006;0.47200000000000003
Cameroon;2007;0.484
Cameroon;2008;0.49200000000000005
Cameroon;2009;0.499
Cameroon;2010;0.506
Cameroon;2011;0.515
Cameroon;2012;0.526
Cameroon;2013;0.535
Cameroon;2014;0.5429999999999999
Cameroon;2015;0.5479999999999999
Canada;2000;0.867
Canada;2001;0.872
Canada;2002;0.877
Canada;2003;0.882
Canada;2004;0.887
Canada;2005;0.892
Canada;2006;0.895
Canada;2007;0.897
Canada;2008;0.899
Canada;2009;0.899
Canada;2010;0.902
Canada;2011;0.905
Canada;2012;0.9079999999999999
Canada;2013;0.9109999999999999
Canada;2014;0.9179999999999999
Canada;2015;0.92
Central African Republic;2000;0.309
Central African Republic;2001;0.311
Central African Republic;2002;0.312
Central African Republic;2003;0.311
Central African Republic;2004;0.315
Central African Republic;2005;0.319
Central African Republic;2006;0.325
Central African Republic;2007;0.331
Central African Republic;2008;0.337
Central African Republic;2009;0.34299999999999997
Central African Republic;2010;0.35100000000000003
Central African Republic;2011;0.358
Central African Republic;2012;0.365
Central African Republic;2013;0.344
Central African Republic;2014;0.349
Central African Republic;2015;0.35700000000000004
Chad;2000;0.299
Chad;2001;0.306
Chad;2002;0.311
Chad;2003;0.309
Chad;2004;0.32299999999999995
Chad;2005;0.33
Chad;2006;0.332
Chad;2007;0.342
Chad;2008;0.348
Chad;2009;0.363
Chad;2010;0.371
Chad;2011;0.382
Chad;2012;0.391
Chad;2013;0.397
Chad;2014;0.40299999999999997
Chad;2015;0.40700000000000003
Chile;2000;0.759
Chile;2001;0.7659999999999999
Chile;2002;0.768
Chile;2003;0.774
Chile;2004;0.7829999999999999
Chile;2005;0.7879999999999999
Chile;2006;0.7879999999999999
Chile;2007;0.795
Chile;2008;0.8059999999999999
Chile;2009;0.804
Chile;2010;0.8079999999999999
Chile;2011;0.8140000000000001
Chile;2012;0.8190000000000001
Chile;2013;0.828
Chile;2014;0.833
Chile;2015;0.84
China;2000;0.594
China;2001;0.602
China;2002;0.611
China;2003;0.623
China;2004;0.635
China;2005;0.647
China;2006;0.6609999999999999
China;2007;0.675
China;2008;0.685
China;2009;0.6940000000000001
China;2010;0.706
China;2011;0.7140000000000001
China;2012;0.722
China;2013;0.7290000000000001
China;2014;0.738
China;2015;0.743
Colombia;2000;0.653
Colombia;2001;0.6559999999999999
Colombia;2002;0.6579999999999999
Colombia;2003;0.657
Colombia;2004;0.6709999999999999
Colombia;2005;0.6829999999999999
Colombia;2006;0.691
Colombia;2007;0.7040000000000001
Colombia;2008;0.71
Colombia;2009;0.715
Colombia;2010;0.7190000000000001
Colombia;2011;0.725
Colombia;2012;0.725
Colombia;2013;0.735
Colombia;2014;0.738
Colombia;2015;0.742
Comoros;2000;
Comoros;2001;
Comoros;2002;
Comoros;2003;
Comoros;2004;0.449
Comoros;2005;0.455
Comoros;2006;0.461
Comoros;2007;0.466
Comoros;2008;0.47
Comoros;2009;0.47600000000000003
Comoros;2010;0.48200000000000004
Comoros;2011;0.48700000000000004
Comoros;2012;0.493
Comoros;2013;0.499
Comoros;2014;0.501
Comoros;2015;0.502
Congo;2000;0.49
Congo;2001;0.495
Congo;2002;0.49700000000000005
Congo;2003;0.498
Congo;2004;0.501
Congo;2005;0.5
Congo;2006;0.503
Congo;2007;0.52
Congo;2008;0.536
Congo;2009;0.55
Congo;2010;0.557
Congo;2011;0.56
Congo;2012;0.573
Congo;2013;0.5820000000000001
Congo;2014;0.595
Congo;2015;0.613
Congo (Democratic Republic of the);2000;0.33299999999999996
Congo (Democratic Republic of the);2001;0.33299999999999996
Congo (Democratic Republic of the);2002;0.34
Congo (Democratic Republic of the);2003;0.349
Congo (Democratic Republic of the);2004;0.35700000000000004
Congo (Democratic Republic of the);2005;0.364
Congo (Democratic Republic of the);2006;0.37200000000000005
Congo (Democratic Republic of the);2007;0.379
Congo (Democratic Republic of the);2008;0.39
Congo (Democratic Republic of the);2009;0.397
Congo (Democratic Republic of the);2010;0.40700000000000003
Congo (Democratic Republic of the);2011;0.415
Congo (Democratic Republic of the);2012;0.42
Congo (Democratic Republic of the);2013;0.426
Congo (Democratic Republic of the);2014;0.436
Congo (Democratic Republic of the);2015;0.444
Costa Rica;2000;0.711
Costa Rica;2001;0.7140000000000001
Costa Rica;2002;0.7170000000000001
Costa Rica;2003;0.721
Costa Rica;2004;0.725
Costa Rica;2005;0.728
Costa Rica;2006;0.7340000000000001
Costa Rica;2007;0.742
Costa Rica;2008;0.75
Costa Rica;2009;0.752
Costa Rica;2010;0.754
Costa Rica;2011;0.76
Costa Rica;2012;0.772
Costa Rica;2013;0.7759999999999999
Costa Rica;2014;0.78
Costa Rica;2015;0.7879999999999999
Croatia;2000;0.75
Croatia;2001;0.759
Croatia;2002;0.7659999999999999
Croatia;2003;0.7709999999999999
Croatia;2004;0.778
Croatia;2005;0.7829999999999999
Croatia;2006;0.7929999999999999
Croatia;2007;0.8
Croatia;2008;0.8029999999999999
Croatia;2009;0.802
Croatia;2010;0.8079999999999999
Croatia;2011;0.815
Croatia;2012;0.816
Croatia;2013;0.821
Croatia;2014;0.8240000000000001
Croatia;2015;0.8270000000000001
Cuba;2000;0.6859999999999999
Cuba;2001;0.6920000000000001
Cuba;2002;0.6940000000000001
Cuba;2003;0.7040000000000001
Cuba;2004;0.718
Cuba;2005;0.731
Cuba;2006;0.753
Cuba;2007;0.77
Cuba;2008;0.78
Cuba;2009;0.782
Cuba;2010;0.779
Cuba;2011;0.778
Cuba;2012;0.767
Cuba;2013;0.765
Cuba;2014;0.768
Cuba;2015;0.772
Cyprus;2000;0.802
Cyprus;2001;0.807
Cyprus;2002;0.816
Cyprus;2003;0.8240000000000001
Cyprus;2004;0.828
Cyprus;2005;0.831
Cyprus;2006;0.8370000000000001
Cyprus;2007;0.846
Cyprus;2008;0.852
Cyprus;2009;0.856
Cyprus;2010;0.85
Cyprus;2011;0.853
Cyprus;2012;0.852
Cyprus;2013;0.853
Cyprus;2014;0.856
Cyprus;2015;0.86
Czechia;2000;0.7959999999999999
Czechia;2001;0.8059999999999999
Czechia;2002;0.813
Czechia;2003;0.8220000000000001
Czechia;2004;0.825
Czechia;2005;0.835
Czechia;2006;0.843
Czechia;2007;0.85
Czechia;2008;0.8540000000000001
Czechia;2009;0.857
Czechia;2010;0.862
Czechia;2011;0.865
Czechia;2012;0.865
Czechia;2013;0.8740000000000001
Czechia;2014;0.879
Czechia;2015;0.882
Côte d'Ivoire;2000;0.39399999999999996
Côte d'Ivoire;2001;0.396
Côte d'Ivoire;2002;0.39899999999999997
Côte d'Ivoire;2003;0.402
Côte d'Ivoire;2004;0.40700000000000003
Côte d'Ivoire;2005;0.413
Côte d'Ivoire;2006;0.418
Côte d'Ivoire;2007;0.424
Côte d'Ivoire;2008;0.43
Côte d'Ivoire;2009;0.43700000000000006
Côte d'Ivoire;2010;0.442
Côte d'Ivoire;2011;0.445
Côte d'Ivoire;2012;0.45399999999999996
Côte d'Ivoire;2013;0.462
Côte d'Ivoire;2014;0.465
Côte d'Ivoire;2015;0.478
Denmark;2000;0.863
Denmark;2001;0.8759999999999999
Denmark;2002;0.883
Denmark;2003;0.894
Denmark;2004;0.898
Denmark;2005;0.903
Denmark;2006;0.905
Denmark;2007;0.904
Denmark;2008;0.909
Denmark;2009;0.9059999999999999
Denmark;2010;0.91
Denmark;2011;0.922
Denmark;2012;0.924
Denmark;2013;0.9309999999999999
Denmark;2014;0.9279999999999999
Denmark;2015;0.9259999999999999
Djibouti;2000;0.363
Djibouti;2001;0.37200000000000005
Djibouti;2002;0.37799999999999995
Djibouti;2003;0.38799999999999996
Djibouti;2004;0.396
Djibouti;2005;0.405
Djibouti;2006;0.41600000000000004
Djibouti;2007;0.426
Djibouti;2008;0.435
Djibouti;2009;0.441
Djibouti;2010;0.449
Djibouti;2011;0.45399999999999996
Djibouti;2012;0.45899999999999996
Djibouti;2013;0.46299999999999997
Djibouti;2014;0.467
Djibouti;2015;0.47
Dominica;2000;0.693
Dominica;2001;0.6970000000000001
Dominica;2002;0.696
Dominica;2003;0.7020000000000001
Dominica;2004;0.7040000000000001
Dominica;2005;0.705
Dominica;2006;0.711
Dominica;2007;0.715
Dominica;2008;0.72
Dominica;2009;0.72
Dominica;2010;0.722
Dominica;2011;0.722
Dominica;2012;0.721
Dominica;2013;0.721
Dominica;2014;0.7240000000000001
Dominica;2015;0.721
Dominican Republic;2000;0.657
Dominican Republic;2001;0.66
Dominican Republic;2002;0.664
Dominican Republic;2003;0.6659999999999999
Dominican Republic;2004;0.6679999999999999
Dominican Republic;2005;0.675
Dominican Republic;2006;0.682
Dominican Republic;2007;0.691
Dominican Republic;2008;0.695
Dominican Republic;2009;0.696
Dominican Republic;2010;0.703
Dominican Republic;2011;0.706
Dominican Republic;2012;0.71
Dominican Republic;2013;0.713
Dominican Republic;2014;0.718
Dominican Republic;2015;0.7290000000000001
Ecuador;2000;0.67
Ecuador;2001;0.675
Ecuador;2002;0.679
Ecuador;2003;0.682
Ecuador;2004;0.688
Ecuador;2005;0.693
Ecuador;2006;0.696
Ecuador;2007;0.698
Ecuador;2008;0.711
Ecuador;2009;0.7120000000000001
Ecuador;2010;0.715
Ecuador;2011;0.721
Ecuador;2012;0.726
Ecuador;2013;0.7340000000000001
Ecuador;2014;0.742
Ecuador;2015;0.743
Egypt;2000;0.611
Egypt;2001;0.616
Egypt;2002;0.62
Egypt;2003;0.622
Egypt;2004;0.628
Egypt;2005;0.634
Egypt;2006;0.642
Egypt;2007;0.65
Egypt;2008;0.6579999999999999
Egypt;2009;0.66
Egypt;2010;0.665
Egypt;2011;0.6679999999999999
Egypt;2012;0.675
Egypt;2013;0.68
Egypt;2014;0.6829999999999999
Egypt;2015;0.691
El Salvador;2000;0.615
El Salvador;2001;0.62
El Salvador;2002;0.628
El Salvador;2003;0.635
El Salvador;2004;0.643
El Salvador;2005;0.6509999999999999
El Salvador;2006;0.659
El Salvador;2007;0.6559999999999999
El Salvador;2008;0.659
El Salvador;2009;0.659
El Salvador;2010;0.6709999999999999
El Salvador;2011;0.6659999999999999
El Salvador;2012;0.67
El Salvador;2013;0.6709999999999999
El Salvador;2014;0.67
El Salvador;2015;0.674
Equatorial Guinea;2000;0.516
Equatorial Guinea;2001;0.532
Equatorial Guinea;2002;0.525
Equatorial Guinea;2003;0.539
Equatorial Guinea;2004;0.53
Equatorial Guinea;2005;0.5670000000000001
Equatorial Guinea;2006;0.578
Equatorial Guinea;2007;0.585
Equatorial Guinea;2008;0.586
Equatorial Guinea;2009;0.589
Equatorial Guinea;2010;0.581
Equatorial Guinea;2011;0.584
Equatorial Guinea;2012;0.589
Equatorial Guinea;2013;0.59
Equatorial Guinea;2014;0.59
Equatorial Guinea;2015;0.593
Eritrea;2000;
Eritrea;2001;
Eritrea;2002;
Eritrea;2003;
Eritrea;2004;
Eritrea;2005;0.408
Eritrea;2006;0.409
Eritrea;2007;0.41100000000000003
Eritrea;2008;0.40700000000000003
Eritrea;2009;0.41600000000000004
Eritrea;2010;0.41600000000000004
Eritrea;2011;0.41700000000000004
Eritrea;2012;0.42200000000000004
Eritrea;2013;0.425
Eritrea;2014;0.428
Eritrea;2015;0.433
Estonia;2000;0.78
Estonia;2001;0.79
Estonia;2002;0.799
Estonia;2003;0.8059999999999999
Estonia;2004;0.8140000000000001
Estonia;2005;0.825
Estonia;2006;0.8320000000000001
Estonia;2007;0.8390000000000001
Estonia;2008;0.841
Estonia;2009;0.8390000000000001
Estonia;2010;0.845
Estonia;2011;0.853
Estonia;2012;0.8590000000000001
Estonia;2013;0.862
Estonia;2014;0.8640000000000001
Estonia;2015;0.866
Eswatini (Kingdom of);2000;0.47100000000000003
Eswatini (Kingdom of);2001;0.46399999999999997
Eswatini (Kingdom of);2002;0.455
Eswatini (Kingdom of);2003;0.45399999999999996
Eswatini (Kingdom of);2004;0.465
Eswatini (Kingdom of);2005;0.48
Eswatini (Kingdom of);2006;0.496
Eswatini (Kingdom of);2007;0.507
Eswatini (Kingdom of);2008;0.517
Eswatini (Kingdom of);2009;0.527
Eswatini (Kingdom of);2010;0.5379999999999999
Eswatini (Kingdom of);2011;0.55
Eswatini (Kingdom of);2012;0.561
Eswatini (Kingdom of);2013;0.5720000000000001
Eswatini (Kingdom of);2014;0.58
Eswatini (Kingdom of);2015;0.584
Ethiopia;2000;0.28300000000000003
Ethiopia;2001;0.298
Ethiopia;2002;0.306
Ethiopia;2003;0.31
Ethiopia;2004;0.325
Ethiopia;2005;0.34600000000000003
Ethiopia;2006;0.36200000000000004
Ethiopia;2007;0.37799999999999995
Ethiopia;2008;0.39399999999999996
Ethiopia;2009;0.401
Ethiopia;2010;0.41200000000000003
Ethiopia;2011;0.423
Ethiopia;2012;0.43
Ethiopia;2013;0.43799999999999994
Ethiopia;2014;0.445
Ethiopia;2015;0.451
Fiji;2000;0.6829999999999999
Fiji;2001;0.687
Fiji;2002;0.6890000000000001
Fiji;2003;0.691
Fiji;2004;0.6990000000000001
Fiji;2005;0.695
Fiji;2006;0.698
Fiji;2007;0.7020000000000001
Fiji;2008;0.703
Fiji;2009;0.7070000000000001
Fiji;2010;0.711
Fiji;2011;0.7170000000000001
Fiji;2012;0.7190000000000001
Fiji;2013;0.727
Fiji;2014;0.73
Fiji;2015;0.738
Finland;2000;0.858
Finland;2001;0.8640000000000001
Finland;2002;0.867
Finland;2003;0.87
Finland;2004;0.8909999999999999
Finland;2005;0.895
Finland;2006;0.899
Finland;2007;0.9009999999999999
Finland;2008;0.904
Finland;2009;0.899
Finland;2010;0.903
Finland;2011;0.907
Finland;2012;0.9079999999999999
Finland;2013;0.912
Finland;2014;0.914
Finland;2015;0.915
France;2000;0.8490000000000001
France;2001;0.851
France;2002;0.853
France;2003;0.857
France;2004;0.86
France;2005;0.8690000000000001
France;2006;0.8740000000000001
France;2007;0.8759999999999999
France;2008;0.878
France;2009;0.878
France;2010;0.882
France;2011;0.884
France;2012;0.8859999999999999
France;2013;0.889
France;2014;0.894
France;2015;0.898
Gabon;2000;0.633
Gabon;2001;0.636
Gabon;2002;0.639
Gabon;2003;0.6409999999999999
Gabon;2004;0.6409999999999999
Gabon;2005;0.647
Gabon;2006;0.647
Gabon;2007;0.652
Gabon;2008;0.653
Gabon;2009;0.6609999999999999
Gabon;2010;0.665
Gabon;2011;0.67
Gabon;2012;0.6779999999999999
Gabon;2013;0.687
Gabon;2014;0.693
Gabon;2015;0.6940000000000001
Gambia;2000;0.385
Gambia;2001;0.39299999999999996
Gambia;2002;0.397
Gambia;2003;0.40299999999999997
Gambia;2004;0.41200000000000003
Gambia;2005;0.41600000000000004
Gambia;2006;0.42100000000000004
Gambia;2007;0.42700000000000005
Gambia;2008;0.435
Gambia;2009;0.43799999999999994
Gambia;2010;0.441
Gambia;2011;0.44
Gambia;2012;0.445
Gambia;2013;0.45299999999999996
Gambia;2014;0.45399999999999996
Gambia;2015;0.457
Georgia;2000;0.6729999999999999
Georgia;2001;0.6779999999999999
Georgia;2002;0.684
Georgia;2003;0.693
Georgia;2004;0.701
Georgia;2005;0.7120000000000001
Georgia;2006;0.718
Georgia;2007;0.73
Georgia;2008;0.728
Georgia;2009;0.731
Georgia;2010;0.735
Georgia;2011;0.741
Georgia;2012;0.75
Georgia;2013;0.757
Georgia;2014;0.765
Georgia;2015;0.7709999999999999
Germany;2000;0.868
Germany;2001;0.877
Germany;2002;0.883
Germany;2003;0.889
Germany;2004;0.897
Germany;2005;0.903
Germany;2006;0.9109999999999999
Germany;2007;0.915
Germany;2008;0.917
Germany;2009;0.917
Germany;2010;0.9209999999999999
Germany;2011;0.9259999999999999
Germany;2012;0.9279999999999999
Germany;2013;0.9279999999999999
Germany;2014;0.93
Germany;2015;0.9329999999999999
Ghana;2000;0.484
Ghana;2001;0.483
Ghana;2002;0.489
Ghana;2003;0.49
Ghana;2004;0.498
Ghana;2005;0.509
Ghana;2006;0.519
Ghana;2007;0.53
Ghana;2008;0.542
Ghana;2009;0.547
Ghana;2010;0.5539999999999999
Ghana;2011;0.563
Ghana;2012;0.57
Ghana;2013;0.5770000000000001
Ghana;2014;0.5760000000000001
Ghana;2015;0.585
Greece;2000;0.7959999999999999
Greece;2001;0.8059999999999999
Greece;2002;0.818
Greece;2003;0.825
Greece;2004;0.835
Greece;2005;0.845
Greece;2006;0.851
Greece;2007;0.8490000000000001
Greece;2008;0.857
Greece;2009;0.858
Greece;2010;0.856
Greece;2011;0.852
Greece;2012;0.8540000000000001
Greece;2013;0.856
Greece;2014;0.8640000000000001
Greece;2015;0.866
Grenada;2000;
Grenada;2001;
Grenada;2002;0.7020000000000001
Grenada;2003;0.711
Grenada;2004;0.713
Grenada;2005;0.727
Grenada;2006;0.7290000000000001
Grenada;2007;0.735
Grenada;2008;0.7390000000000001
Grenada;2009;0.738
Grenada;2010;0.743
Grenada;2011;0.747
Grenada;2012;0.7490000000000001
Grenada;2013;0.754
Grenada;2014;0.7609999999999999
Grenada;2015;0.767
Guatemala;2000;0.546
Guatemala;2001;0.5539999999999999
Guatemala;2002;0.56
Guatemala;2003;0.564
Guatemala;2004;0.5670000000000001
Guatemala;2005;0.5710000000000001
Guatemala;2006;0.579
Guatemala;2007;0.59
Guatemala;2008;0.598
Guatemala;2009;0.604
Guatemala;2010;0.611
Guatemala;2011;0.619
Guatemala;2012;0.613
Guatemala;2013;0.616
Guatemala;2014;0.643
Guatemala;2015;0.645
Guinea;2000;0.32899999999999996
Guinea;2001;0.336
Guinea;2002;0.345
Guinea;2003;0.336
Guinea;2004;0.361
Guinea;2005;0.371
Guinea;2006;0.38
Guinea;2007;0.39
Guinea;2008;0.396
Guinea;2009;0.39899999999999997
Guinea;2010;0.40399999999999997
Guinea;2011;0.418
Guinea;2012;0.428
Guinea;2013;0.435
Guinea;2014;0.44
Guinea;2015;0.44299999999999995
Guinea-Bissau;2000;
Guinea-Bissau;2001;
Guinea-Bissau;2002;
Guinea-Bissau;2003;
Guinea-Bissau;2004;
Guinea-Bissau;2005;0.396
Guinea-Bissau;2006;0.40399999999999997
Guinea-Bissau;2007;0.409
Guinea-Bissau;2008;0.415
Guinea-Bissau;2009;0.42100000000000004
Guinea-Bissau;2010;0.426
Guinea-Bissau;2011;0.435
Guinea-Bissau;2012;0.43700000000000006
Guinea-Bissau;2013;0.44
Guinea-Bissau;2014;0.445
Guinea-Bissau;2015;0.449
Guyana;2000;0.604
Guyana;2001;0.607
Guyana;2002;0.609
Guyana;2003;0.605
Guyana;2004;0.611
Guyana;2005;0.614
Guyana;2006;0.614
Guyana;2007;0.618
Guyana;2008;0.621
Guyana;2009;0.624
Guyana;2010;0.63
Guyana;2011;0.639
Guyana;2012;0.642
Guyana;2013;0.645
Guyana;2014;0.648
Guyana;2015;0.6509999999999999
Haiti;2000;0.442
Haiti;2001;0.444
Haiti;2002;0.446
Haiti;2003;0.449
Haiti;2004;0.45
Haiti;2005;0.45299999999999996
Haiti;2006;0.45799999999999996
Haiti;2007;0.462
Haiti;2008;0.466
Haiti;2009;0.47
Haiti;2010;0.47
Haiti;2011;0.47700000000000004
Haiti;2012;0.48100000000000004
Haiti;2013;0.486
Haiti;2014;0.49
Haiti;2015;0.493
Honduras;2000;0.5539999999999999
Honduras;2001;0.5589999999999999
Honduras;2002;0.563
Honduras;2003;0.568
Honduras;2004;0.574
Honduras;2005;0.58
Honduras;2006;0.586
Honduras;2007;0.593
Honduras;2008;0.59
Honduras;2009;0.591
Honduras;2010;0.596
Honduras;2011;0.598
Honduras;2012;0.597
Honduras;2013;0.6
Honduras;2014;0.603
Honduras;2015;0.609
Hong Kong, China (SAR);2000;0.8270000000000001
Hong Kong, China (SAR);2001;0.835
Hong Kong, China (SAR);2002;0.8420000000000001
Hong Kong, China (SAR);2003;0.851
Hong Kong, China (SAR);2004;0.862
Hong Kong, China (SAR);2005;0.871
Hong Kong, China (SAR);2006;0.883
Hong Kong, China (SAR);2007;0.887
Hong Kong, China (SAR);2008;0.8959999999999999
Hong Kong, China (SAR);2009;0.898
Hong Kong, China (SAR);2010;0.9009999999999999
Hong Kong, China (SAR);2011;0.904
Hong Kong, China (SAR);2012;0.9109999999999999
Hong Kong, China (SAR);2013;0.915
Hong Kong, China (SAR);2014;0.9229999999999999
Hong Kong, China (SAR);2015;0.927
Hungary;2000;0.769
Hungary;2001;0.777
Hungary;2002;0.784
Hungary;2003;0.792
Hungary;2004;0.795
Hungary;2005;0.804
Hungary;2006;0.8109999999999999
Hungary;2007;0.813
Hungary;2008;0.818
Hungary;2009;0.818
Hungary;2010;0.823
Hungary;2011;0.8270000000000001
Hungary;2012;0.83
Hungary;2013;0.835
Hungary;2014;0.833
Hungary;2015;0.8340000000000001
Iceland;2000;0.86
Iceland;2001;0.866
Iceland;2002;0.875
Iceland;2003;0.8809999999999999
Iceland;2004;0.885
Iceland;2005;0.889
Iceland;2006;0.8909999999999999
Iceland;2007;0.897
Iceland;2008;0.89
Iceland;2009;0.89
Iceland;2010;0.8909999999999999
Iceland;2011;0.9009999999999999
Iceland;2012;0.909
Iceland;2013;0.92
Iceland;2014;0.925
Iceland;2015;0.927
India;2000;0.493
India;2001;0.498
India;2002;0.504
India;2003;0.517
India;2004;0.526
India;2005;0.535
India;2006;0.545
India;2007;0.556
India;2008;0.564
India;2009;0.57
India;2010;0.581
India;2011;0.591
India;2012;0.6
India;2013;0.607
India;2014;0.618
India;2015;0.627
Indonesia;2000;0.606
Indonesia;2001;0.612
Indonesia;2002;0.618
Indonesia;2003;0.624
Indonesia;2004;0.629
Indonesia;2005;0.632
Indonesia;2006;0.6409999999999999
Indonesia;2007;0.642
Indonesia;2008;0.6459999999999999
Indonesia;2009;0.6559999999999999
Indonesia;2010;0.6609999999999999
Indonesia;2011;0.669
Indonesia;2012;0.675
Indonesia;2013;0.6809999999999999
Indonesia;2014;0.6829999999999999
Indonesia;2015;0.6859999999999999
Iran (Islamic Republic of);2000;0.67
Iran (Islamic Republic of);2001;0.6779999999999999
Iran (Islamic Republic of);2002;0.6829999999999999
Iran (Islamic Republic of);2003;0.6890000000000001
Iran (Islamic Republic of);2004;0.691
Iran (Islamic Republic of);2005;0.695
Iran (Islamic Republic of);2006;0.731
Iran (Islamic Republic of);2007;0.736
Iran (Islamic Republic of);2008;0.741
Iran (Islamic Republic of);2009;0.747
Iran (Islamic Republic of);2010;0.755
Iran (Islamic Republic of);2011;0.7659999999999999
Iran (Islamic Republic of);2012;0.7809999999999999
Iran (Islamic Republic of);2013;0.784
Iran (Islamic Republic of);2014;0.7879999999999999
Iran (Islamic Republic of);2015;0.789
Iraq;2000;0.607
Iraq;2001;0.614
Iraq;2002;0.616
Iraq;2003;0.603
Iraq;2004;0.628
Iraq;2005;0.631
Iraq;2006;0.636
Iraq;2007;0.638
Iraq;2008;0.643
Iraq;2009;0.6459999999999999
Iraq;2010;0.649
Iraq;2011;0.6559999999999999
Iraq;2012;0.659
Iraq;2013;0.6659999999999999
Iraq;2014;0.6659999999999999
Iraq;2015;0.6679999999999999
Ireland;2000;0.857
Ireland;2001;0.863
Ireland;2002;0.871
Ireland;2003;0.88
Ireland;2004;0.89
Ireland;2005;0.8959999999999999
Ireland;2006;0.902
Ireland;2007;0.9079999999999999
Ireland;2008;0.9079999999999999
Ireland;2009;0.9059999999999999
Ireland;2010;0.909
Ireland;2011;0.895
Ireland;2012;0.902
Ireland;2013;0.9109999999999999
Ireland;2014;0.9209999999999999
Ireland;2015;0.929
Israel;2000;0.853
Israel;2001;0.857
Israel;2002;0.865
Israel;2003;0.865
Israel;2004;0.868
Israel;2005;0.872
Israel;2006;0.872
Israel;2007;0.8809999999999999
Israel;2008;0.88
Israel;2009;0.882
Israel;2010;0.887
Israel;2011;0.892
Israel;2012;0.893
Israel;2013;0.895
Israel;2014;0.899
Israel;2015;0.9009999999999999
Italy;2000;0.83
Italy;2001;0.8370000000000001
Italy;2002;0.8420000000000001
Italy;2003;0.847
Italy;2004;0.852
Italy;2005;0.857
Italy;2006;0.862
Italy;2007;0.866
Italy;2008;0.868
Italy;2009;0.868
Italy;2010;0.87
Italy;2011;0.875
Italy;2012;0.8740000000000001
Italy;2013;0.8759999999999999
Italy;2014;0.8740000000000001
Italy;2015;0.8759999999999999
Jamaica;2000;0.662
Jamaica;2001;0.6729999999999999
Jamaica;2002;0.677
Jamaica;2003;0.6729999999999999
Jamaica;2004;0.691
Jamaica;2005;0.695
Jamaica;2006;0.7
Jamaica;2007;0.705
Jamaica;2008;0.708
Jamaica;2009;0.7090000000000001
Jamaica;2010;0.7120000000000001
Jamaica;2011;0.715
Jamaica;2012;0.721
Jamaica;2013;0.726
Jamaica;2014;0.728
Jamaica;2015;0.73
Japan;2000;0.855
Japan;2001;0.8590000000000001
Japan;2002;0.862
Japan;2003;0.865
Japan;2004;0.8690000000000001
Japan;2005;0.873
Japan;2006;0.877
Japan;2007;0.88
Japan;2008;0.8809999999999999
Japan;2009;0.88
Japan;2010;0.885
Japan;2011;0.89
Japan;2012;0.895
Japan;2013;0.899
Japan;2014;0.903
Japan;2015;0.905
Jordan;2000;0.7020000000000001
Jordan;2001;0.708
Jordan;2002;0.713
Jordan;2003;0.7190000000000001
Jordan;2004;0.726
Jordan;2005;0.7290000000000001
Jordan;2006;0.732
Jordan;2007;0.735
Jordan;2008;0.736
Jordan;2009;0.7340000000000001
Jordan;2010;0.728
Jordan;2011;0.726
Jordan;2012;0.726
Jordan;2013;0.727
Jordan;2014;0.73
Jordan;2015;0.733
Kazakhstan;2000;0.685
Kazakhstan;2001;0.7
Kazakhstan;2002;0.713
Kazakhstan;2003;0.725
Kazakhstan;2004;0.737
Kazakhstan;2005;0.747
Kazakhstan;2006;0.754
Kazakhstan;2007;0.759
Kazakhstan;2008;0.759
Kazakhstan;2009;0.763
Kazakhstan;2010;0.765
Kazakhstan;2011;0.772
Kazakhstan;2012;0.7809999999999999
Kazakhstan;2013;0.7879999999999999
Kazakhstan;2014;0.7929999999999999
Kazakhstan;2015;0.797
Kenya;2000;0.451
Kenya;2001;0.456
Kenya;2002;0.456
Kenya;2003;0.46799999999999997
Kenya;2004;0.48
Kenya;2005;0.49
Kenya;2006;0.505
Kenya;2007;0.514
Kenya;2008;0.523
Kenya;2009;0.5329999999999999
Kenya;2010;0.5429999999999999
Kenya;2011;0.552
Kenya;2012;0.5589999999999999
Kenya;2013;0.5660000000000001
Kenya;2014;0.5720000000000001
Kenya;2015;0.578
Kiribati;2000;0.552
Kiribati;2001;0.5670000000000001
Kiribati;2002;0.5660000000000001
Kiribati;2003;0.57
Kiribati;2004;0.568
Kiribati;2005;0.585
Kiribati;2006;0.58
Kiribati;2007;0.5820000000000001
Kiribati;2008;0.585
Kiribati;2009;0.584
Kiribati;2010;0.59
Kiribati;2011;0.59
Kiribati;2012;0.598
Kiribati;2013;0.609
Kiribati;2014;0.616
Kiribati;2015;0.621
Republic of Korea;2000;0.8170000000000001
Republic of Korea;2001;0.8240000000000001
Republic of Korea;2002;0.8320000000000001
Republic of Korea;2003;0.8390000000000001
Republic of Korea;2004;0.847
Republic of Korea;2005;0.855
Republic of Korea;2006;0.862
Republic of Korea;2007;0.8690000000000001
Republic of Korea;2008;0.8740000000000001
Republic of Korea;2009;0.8690000000000001
Republic of Korea;2010;0.884
Republic of Korea;2011;0.888
Republic of Korea;2012;0.89
Republic of Korea;2013;0.893
Republic of Korea;2014;0.8959999999999999
Republic of Korea;2015;0.898
Kuwait;2000;0.7859999999999999
Kuwait;2001;0.7859999999999999
Kuwait;2002;0.7879999999999999
Kuwait;2003;0.7909999999999999
Kuwait;2004;0.789
Kuwait;2005;0.7829999999999999
Kuwait;2006;0.7879999999999999
Kuwait;2007;0.7879999999999999
Kuwait;2008;0.789
Kuwait;2009;0.79
Kuwait;2010;0.792
Kuwait;2011;0.794
Kuwait;2012;0.7959999999999999
Kuwait;2013;0.795
Kuwait;2014;0.799
Kuwait;2015;0.802
Kyrgyzstan;2000;0.594
Kyrgyzstan;2001;0.602
Kyrgyzstan;2002;0.604
Kyrgyzstan;2003;0.611
Kyrgyzstan;2004;0.615
Kyrgyzstan;2005;0.616
Kyrgyzstan;2006;0.621
Kyrgyzstan;2007;0.628
Kyrgyzstan;2008;0.631
Kyrgyzstan;2009;0.636
Kyrgyzstan;2010;0.636
Kyrgyzstan;2011;0.639
Kyrgyzstan;2012;0.649
Kyrgyzstan;2013;0.6579999999999999
Kyrgyzstan;2014;0.6629999999999999
Kyrgyzstan;2015;0.6659999999999999
Lao People's Democratic Republic;2000;0.466
Lao People's Democratic Republic;2001;0.47200000000000003
Lao People's Democratic Republic;2002;0.48
Lao People's Democratic Republic;2003;0.489
Lao People's Democratic Republic;2004;0.49700000000000005
Lao People's Democratic Republic;2005;0.506
Lao People's Democratic Republic;2006;0.512
Lao People's Democratic Republic;2007;0.521
Lao People's Democratic Republic;2008;0.529
Lao People's Democratic Republic;2009;0.539
Lao People's Democratic Republic;2010;0.546
Lao People's Democratic Republic;2011;0.5579999999999999
Lao People's Democratic Republic;2012;0.569
Lao People's Democratic Republic;2013;0.579
Lao People's Democratic Republic;2014;0.586
Lao People's Democratic Republic;2015;0.593
Latvia;2000;0.728
Latvia;2001;0.745
Latvia;2002;0.76
Latvia;2003;0.774
Latvia;2004;0.7879999999999999
Latvia;2005;0.802
Latvia;2006;0.809
Latvia;2007;0.818
Latvia;2008;0.821
Latvia;2009;0.818
Latvia;2010;0.816
Latvia;2011;0.821
Latvia;2012;0.8240000000000001
Latvia;2013;0.833
Latvia;2014;0.838
Latvia;2015;0.841
Lebanon;2000;
Lebanon;2001;
Lebanon;2002;
Lebanon;2003;
Lebanon;2004;
Lebanon;2005;0.732
Lebanon;2006;0.731
Lebanon;2007;0.743
Lebanon;2008;0.75
Lebanon;2009;0.7559999999999999
Lebanon;2010;0.758
Lebanon;2011;0.76
Lebanon;2012;0.7509999999999999
Lebanon;2013;0.7509999999999999
Lebanon;2014;0.7509999999999999
Lebanon;2015;0.752
Lesotho;2000;0.467
Lesotho;2001;0.461
Lesotho;2002;0.45799999999999996
Lesotho;2003;0.46
Lesotho;2004;0.46
Lesotho;2005;0.461
Lesotho;2006;0.466
Lesotho;2007;0.473
Lesotho;2008;0.48
Lesotho;2009;0.489
Lesotho;2010;0.493
Lesotho;2011;0.498
Lesotho;2012;0.505
Lesotho;2013;0.505
Lesotho;2014;0.509
Lesotho;2015;0.511
Liberia;2000;0.387
Liberia;2001;0.377
Liberia;2002;0.374
Liberia;2003;0.335
Liberia;2004;0.373
Liberia;2005;0.37799999999999995
Liberia;2006;0.38299999999999995
Liberia;2007;0.39399999999999996
Liberia;2008;0.39899999999999997
Liberia;2009;0.40399999999999997
Liberia;2010;0.40700000000000003
Liberia;2011;0.41700000000000004
Liberia;2012;0.42
Liberia;2013;0.429
Liberia;2014;0.431
Liberia;2015;0.43200000000000005
Libya;2000;0.727
Libya;2001;0.731
Libya;2002;0.735
Libya;2003;0.743
Libya;2004;0.743
Libya;2005;0.747
Libya;2006;0.7509999999999999
Libya;2007;0.752
Libya;2008;0.757
Libya;2009;0.755
Libya;2010;0.755
Libya;2011;0.7070000000000001
Libya;2012;0.741
Libya;2013;0.7070000000000001
Libya;2014;0.695
Libya;2015;0.6940000000000001
Liechtenstein;2000;0.862
Liechtenstein;2001;0.868
Liechtenstein;2002;0.873
Liechtenstein;2003;0.878
Liechtenstein;2004;0.883
Liechtenstein;2005;0.8859999999999999
Liechtenstein;2006;0.89
Liechtenstein;2007;0.893
Liechtenstein;2008;0.899
Liechtenstein;2009;0.899
Liechtenstein;2010;0.904
Liechtenstein;2011;0.909
Liechtenstein;2012;0.9129999999999999
Liechtenstein;2013;0.912
Liechtenstein;2014;0.9109999999999999
Liechtenstein;2015;0.912
Lithuania;2000;0.7559999999999999
Lithuania;2001;0.768
Lithuania;2002;0.779
Lithuania;2003;0.7909999999999999
Lithuania;2004;0.7979999999999999
Lithuania;2005;0.809
Lithuania;2006;0.8170000000000001
Lithuania;2007;0.825
Lithuania;2008;0.831
Lithuania;2009;0.8220000000000001
Lithuania;2010;0.8240000000000001
Lithuania;2011;0.828
Lithuania;2012;0.831
Lithuania;2013;0.836
Lithuania;2014;0.851
Lithuania;2015;0.852
Luxembourg;2000;0.855
Luxembourg;2001;0.861
Luxembourg;2002;0.863
Luxembourg;2003;0.8640000000000001
Luxembourg;2004;0.872
Luxembourg;2005;0.878
Luxembourg;2006;0.8809999999999999
Luxembourg;2007;0.888
Luxembourg;2008;0.89
Luxembourg;2009;0.883
Luxembourg;2010;0.889
Luxembourg;2011;0.892
Luxembourg;2012;0.892
Luxembourg;2013;0.892
Luxembourg;2014;0.895
Luxembourg;2015;0.899
Madagascar;2000;0.456
Madagascar;2001;0.462
Madagascar;2002;0.457
Madagascar;2003;0.466
Madagascar;2004;0.47200000000000003
Madagascar;2005;0.479
Madagascar;2006;0.484
Madagascar;2007;0.491
Madagascar;2008;0.5
Madagascar;2009;0.503
Madagascar;2010;0.504
Madagascar;2011;0.504
Madagascar;2012;0.507
Madagascar;2013;0.509
Madagascar;2014;0.512
Madagascar;2015;0.514
Malawi;2000;0.39899999999999997
Malawi;2001;0.4
Malawi;2002;0.37
Malawi;2003;0.374
Malawi;2004;0.375
Malawi;2005;0.38
Malawi;2006;0.389
Malawi;2007;0.4
Malawi;2008;0.41700000000000004
Malawi;2009;0.431
Malawi;2010;0.441
Malawi;2011;0.45
Malawi;2012;0.455
Malawi;2013;0.461
Malawi;2014;0.46799999999999997
Malawi;2015;0.47
Malaysia;2000;0.725
Malaysia;2001;0.723
Malaysia;2002;0.725
Malaysia;2003;0.731
Malaysia;2004;0.7340000000000001
Malaysia;2005;0.731
Malaysia;2006;0.737
Malaysia;2007;0.75
Malaysia;2008;0.7609999999999999
Malaysia;2009;0.765
Malaysia;2010;0.772
Malaysia;2011;0.778
Malaysia;2012;0.7809999999999999
Malaysia;2013;0.785
Malaysia;2014;0.79
Malaysia;2015;0.795
Maldives;2000;0.606
Maldives;2001;0.61
Maldives;2002;0.615
Maldives;2003;0.63
Maldives;2004;0.635
Maldives;2005;0.631
Maldives;2006;0.643
Maldives;2007;0.6509999999999999
Maldives;2008;0.66
Maldives;2009;0.66
Maldives;2010;0.6709999999999999
Maldives;2011;0.682
Maldives;2012;0.688
Maldives;2013;0.696
Maldives;2014;0.705
Maldives;2015;0.71
Mali;2000;0.308
Mali;2001;0.321
Mali;2002;0.33
Mali;2003;0.34299999999999997
Mali;2004;0.35200000000000004
Mali;2005;0.363
Mali;2006;0.37200000000000005
Mali;2007;0.36700000000000005
Mali;2008;0.39
Mali;2009;0.39799999999999996
Mali;2010;0.40299999999999997
Mali;2011;0.408
Mali;2012;0.408
Mali;2013;0.408
Mali;2014;0.414
Mali;2015;0.418
Malta;2000;0.7829999999999999
Malta;2001;0.7879999999999999
Malta;2002;0.792
Malta;2003;0.8
Malta;2004;0.809
Malta;2005;0.8240000000000001
Malta;2006;0.8220000000000001
Malta;2007;0.8270000000000001
Malta;2008;0.8290000000000001
Malta;2009;0.83
Malta;2010;0.843
Malta;2011;0.843
Malta;2012;0.8490000000000001
Malta;2013;0.856
Malta;2014;0.862
Malta;2015;0.871
Marshall Islands;2000;
Marshall Islands;2001;
Marshall Islands;2002;
Marshall Islands;2003;
Marshall Islands;2004;
Marshall Islands;2005;
Marshall Islands;2006;
Marshall Islands;2007;
Marshall Islands;2008;
Marshall Islands;2009;
Marshall Islands;2010;
Marshall Islands;2011;
Marshall Islands;2012;
Marshall Islands;2013;
Marshall Islands;2014;
Marshall Islands;2015;
Mauritania;2000;0.442
Mauritania;2001;0.442
Mauritania;2002;0.449
Mauritania;2003;0.451
Mauritania;2004;0.461
Mauritania;2005;0.466
Mauritania;2006;0.475
Mauritania;2007;0.47600000000000003
Mauritania;2008;0.47600000000000003
Mauritania;2009;0.484
Mauritania;2010;0.48700000000000004
Mauritania;2011;0.49
Mauritania;2012;0.499
Mauritania;2013;0.508
Mauritania;2014;0.514
Mauritania;2015;0.514
Mauritius;2000;0.6729999999999999
Mauritius;2001;0.682
Mauritius;2002;0.687
Mauritius;2003;0.695
Mauritius;2004;0.7040000000000001
Mauritius;2005;0.713
Mauritius;2006;0.72
Mauritius;2007;0.728
Mauritius;2008;0.7340000000000001
Mauritius;2009;0.741
Mauritius;2010;0.7490000000000001
Mauritius;2011;0.758
Mauritius;2012;0.767
Mauritius;2013;0.772
Mauritius;2014;0.782
Mauritius;2015;0.782
Mexico;2000;0.7020000000000001
Mexico;2001;0.705
Mexico;2002;0.71
Mexico;2003;0.7170000000000001
Mexico;2004;0.7240000000000001
Mexico;2005;0.728
Mexico;2006;0.736
Mexico;2007;0.7390000000000001
Mexico;2008;0.742
Mexico;2009;0.743
Mexico;2010;0.743
Mexico;2011;0.7509999999999999
Mexico;2012;0.757
Mexico;2013;0.7559999999999999
Mexico;2014;0.7609999999999999
Mexico;2015;0.767
Micronesia (Federated States of);2000;0.552
Micronesia (Federated States of);2001;0.5579999999999999
Micronesia (Federated States of);2002;0.564
Micronesia (Federated States of);2003;0.57
Micronesia (Federated States of);2004;0.575
Micronesia (Federated States of);2005;0.5820000000000001
Micronesia (Federated States of);2006;0.5870000000000001
Micronesia (Federated States of);2007;0.5920000000000001
Micronesia (Federated States of);2008;0.596
Micronesia (Federated States of);2009;0.603
Micronesia (Federated States of);2010;0.608
Micronesia (Federated States of);2011;0.613
Micronesia (Federated States of);2012;0.616
Micronesia (Federated States of);2013;0.619
Micronesia (Federated States of);2014;0.618
Micronesia (Federated States of);2015;0.627
Moldova (Republic of);2000;0.597
Moldova (Republic of);2001;0.607
Moldova (Republic of);2002;0.617
Moldova (Republic of);2003;0.63
Moldova (Republic of);2004;0.64
Moldova (Republic of);2005;0.648
Moldova (Republic of);2006;0.6559999999999999
Moldova (Republic of);2007;0.6609999999999999
Moldova (Republic of);2008;0.6659999999999999
Moldova (Republic of);2009;0.662
Moldova (Republic of);2010;0.67
Moldova (Republic of);2011;0.677
Moldova (Republic of);2012;0.684
Moldova (Republic of);2013;0.693
Moldova (Republic of);2014;0.696
Moldova (Republic of);2015;0.693
Mongolia;2000;0.589
Mongolia;2001;0.6
Mongolia;2002;0.609
Mongolia;2003;0.622
Mongolia;2004;0.637
Mongolia;2005;0.65
Mongolia;2006;0.66
Mongolia;2007;0.672
Mongolia;2008;0.6829999999999999
Mongolia;2009;0.6890000000000001
Mongolia;2010;0.6970000000000001
Mongolia;2011;0.711
Mongolia;2012;0.72
Mongolia;2013;0.7290000000000001
Mongolia;2014;0.7340000000000001
Mongolia;2015;0.737
Montenegro;2000;
Montenegro;2001;
Montenegro;2002;
Montenegro;2003;0.741
Montenegro;2004;0.748
Montenegro;2005;0.753
Montenegro;2006;0.764
Montenegro;2007;0.775
Montenegro;2008;0.7859999999999999
Montenegro;2009;0.7879999999999999
Montenegro;2010;0.7929999999999999
Montenegro;2011;0.7979999999999999
Montenegro;2012;0.8
Montenegro;2013;0.8029999999999999
Montenegro;2014;0.805
Montenegro;2015;0.809
Morocco;2000;0.53
Morocco;2001;0.541
Morocco;2002;0.552
Morocco;2003;0.563
Morocco;2004;0.5720000000000001
Morocco;2005;0.58
Morocco;2006;0.586
Morocco;2007;0.594
Morocco;2008;0.602
Morocco;2009;0.608
Morocco;2010;0.616
Morocco;2011;0.626
Morocco;2012;0.635
Morocco;2013;0.645
Morocco;2014;0.65
Morocco;2015;0.655
Mozambique;2000;0.298
Mozambique;2001;0.311
Mozambique;2002;0.318
Mozambique;2003;0.33299999999999996
Mozambique;2004;0.34299999999999997
Mozambique;2005;0.35700000000000004
Mozambique;2006;0.365
Mozambique;2007;0.37799999999999995
Mozambique;2008;0.38799999999999996
Mozambique;2009;0.397
Mozambique;2010;0.40299999999999997
Mozambique;2011;0.40700000000000003
Mozambique;2012;0.41200000000000003
Mozambique;2013;0.423
Mozambique;2014;0.42700000000000005
Mozambique;2015;0.43200000000000005
Myanmar;2000;0.431
Myanmar;2001;0.44
Myanmar;2002;0.449
Myanmar;2003;0.45899999999999996
Myanmar;2004;0.46799999999999997
Myanmar;2005;0.47700000000000004
Myanmar;2006;0.48700000000000004
Myanmar;2007;0.498
Myanmar;2008;0.509
Myanmar;2009;0.519
Myanmar;2010;0.53
Myanmar;2011;0.54
Myanmar;2012;0.5489999999999999
Myanmar;2013;0.5579999999999999
Myanmar;2014;0.564
Myanmar;2015;0.569
Namibia;2000;0.5579999999999999
Namibia;2001;0.557
Namibia;2002;0.5539999999999999
Namibia;2003;0.556
Namibia;2004;0.557
Namibia;2005;0.556
Namibia;2006;0.56
Namibia;2007;0.568
Namibia;2008;0.575
Namibia;2009;0.583
Namibia;2010;0.594
Namibia;2011;0.607
Namibia;2012;0.617
Namibia;2013;0.628
Namibia;2014;0.636
Namibia;2015;0.642
Nepal;2000;0.446
Nepal;2001;0.447
Nepal;2002;0.457
Nepal;2003;0.462
Nepal;2004;0.469
Nepal;2005;0.475
Nepal;2006;0.486
Nepal;2007;0.491
Nepal;2008;0.502
Nepal;2009;0.514
Nepal;2010;0.529
Nepal;2011;0.535
Nepal;2012;0.5479999999999999
Nepal;2013;0.5539999999999999
Nepal;2014;0.56
Nepal;2015;0.5660000000000001
Netherlands;2000;0.8759999999999999
Netherlands;2001;0.879
Netherlands;2002;0.878
Netherlands;2003;0.883
Netherlands;2004;0.8859999999999999
Netherlands;2005;0.8909999999999999
Netherlands;2006;0.897
Netherlands;2007;0.904
Netherlands;2008;0.9059999999999999
Netherlands;2009;0.9059999999999999
Netherlands;2010;0.91
Netherlands;2011;0.9209999999999999
Netherlands;2012;0.9209999999999999
Netherlands;2013;0.9229999999999999
Netherlands;2014;0.924
Netherlands;2015;0.9259999999999999
New Zealand;2000;0.8690000000000001
New Zealand;2001;0.873
New Zealand;2002;0.8809999999999999
New Zealand;2003;0.884
New Zealand;2004;0.8859999999999999
New Zealand;2005;0.888
New Zealand;2006;0.8909999999999999
New Zealand;2007;0.894
New Zealand;2008;0.894
New Zealand;2009;0.898
New Zealand;2010;0.899
New Zealand;2011;0.902
New Zealand;2012;0.905
New Zealand;2013;0.907
New Zealand;2014;0.91
New Zealand;2015;0.914
Nicaragua;2000;0.57
Nicaragua;2001;0.5770000000000001
Nicaragua;2002;0.583
Nicaragua;2003;0.5870000000000001
Nicaragua;2004;0.5920000000000001
Nicaragua;2005;0.596
Nicaragua;2006;0.6
Nicaragua;2007;0.607
Nicaragua;2008;0.614
Nicaragua;2009;0.615
Nicaragua;2010;0.621
Nicaragua;2011;0.627
Nicaragua;2012;0.633
Nicaragua;2013;0.639
Nicaragua;2014;0.649
Nicaragua;2015;0.652
Niger;2000;0.252
Niger;2001;0.258
Niger;2002;0.263
Niger;2003;0.266
Niger;2004;0.27399999999999997
Niger;2005;0.28300000000000003
Niger;2006;0.289
Niger;2007;0.294
Niger;2008;0.303
Niger;2009;0.308
Niger;2010;0.318
Niger;2011;0.325
Niger;2012;0.336
Niger;2013;0.34
Niger;2014;0.345
Niger;2015;0.34700000000000003
Nigeria;2000;
Nigeria;2001;
Nigeria;2002;
Nigeria;2003;0.44299999999999995
Nigeria;2004;0.462
Nigeria;2005;0.465
Nigeria;2006;0.475
Nigeria;2007;0.479
Nigeria;2008;0.485
Nigeria;2009;0.49
Nigeria;2010;0.484
Nigeria;2011;0.494
Nigeria;2012;0.512
Nigeria;2013;0.519
Nigeria;2014;0.524
Nigeria;2015;0.527
Norway;2000;0.917
Norway;2001;0.9159999999999999
Norway;2002;0.9179999999999999
Norway;2003;0.924
Norway;2004;0.934
Norway;2005;0.932
Norway;2006;0.9359999999999999
Norway;2007;0.938
Norway;2008;0.938
Norway;2009;0.938
Norway;2010;0.9420000000000001
Norway;2011;0.943
Norway;2012;0.9420000000000001
Norway;2013;0.946
Norway;2014;0.946
Norway;2015;0.948
Oman;2000;0.7040000000000001
Oman;2001;0.716
Oman;2002;0.725
Oman;2003;0.736
Oman;2004;0.742
Oman;2005;0.748
Oman;2006;0.752
Oman;2007;0.764
Oman;2008;0.782
Oman;2009;0.789
Oman;2010;0.7929999999999999
Oman;2011;0.795
Oman;2012;0.804
Oman;2013;0.812
Oman;2014;0.815
Oman;2015;0.8220000000000001
Pakistan;2000;0.45
Pakistan;2001;0.457
Pakistan;2002;0.465
Pakistan;2003;0.473
Pakistan;2004;0.48700000000000004
Pakistan;2005;0.5
Pakistan;2006;0.505
Pakistan;2007;0.513
Pakistan;2008;0.515
Pakistan;2009;0.522
Pakistan;2010;0.526
Pakistan;2011;0.53
Pakistan;2012;0.535
Pakistan;2013;0.5379999999999999
Pakistan;2014;0.5479999999999999
Pakistan;2015;0.551
Palau;2000;0.743
Palau;2001;0.747
Palau;2002;0.7509999999999999
Palau;2003;0.754
Palau;2004;0.758
Palau;2005;0.76
Palau;2006;0.762
Palau;2007;0.765
Palau;2008;0.764
Palau;2009;0.767
Palau;2010;0.769
Palau;2011;0.775
Palau;2012;0.778
Palau;2013;0.78
Palau;2014;0.7859999999999999
Palau;2015;0.7929999999999999
Palestine, State of;2000;
Palestine, State of;2001;
Palestine, State of;2002;
Palestine, State of;2003;
Palestine, State of;2004;0.65
Palestine, State of;2005;0.657
Palestine, State of;2006;0.6579999999999999
Palestine, State of;2007;0.6629999999999999
Palestine, State of;2008;0.66
Palestine, State of;2009;0.67
Palestine, State of;2010;0.672
Palestine, State of;2011;0.677
Palestine, State of;2012;0.687
Palestine, State of;2013;0.679
Palestine, State of;2014;0.679
Palestine, State of;2015;0.687
Panama;2000;0.7190000000000001
Panama;2001;0.722
Panama;2002;0.728
Panama;2003;0.73
Panama;2004;0.735
Panama;2005;0.7390000000000001
Panama;2006;0.7440000000000001
Panama;2007;0.7509999999999999
Panama;2008;0.755
Panama;2009;0.7559999999999999
Panama;2010;0.758
Panama;2011;0.764
Panama;2012;0.7709999999999999
Panama;2013;0.7759999999999999
Panama;2014;0.7809999999999999
Panama;2015;0.7809999999999999
Papua New Guinea;2000;0.449
Papua New Guinea;2001;0.456
Papua New Guinea;2002;0.462
Papua New Guinea;2003;0.469
Papua New Guinea;2004;0.47200000000000003
Papua New Guinea;2005;0.479
Papua New Guinea;2006;0.484
Papua New Guinea;2007;0.499
Papua New Guinea;2008;0.503
Papua New Guinea;2009;0.51
Papua New Guinea;2010;0.52
Papua New Guinea;2011;0.529
Papua New Guinea;2012;0.53
Papua New Guinea;2013;0.534
Papua New Guinea;2014;0.536
Papua New Guinea;2015;0.542
Paraguay;2000;0.624
Paraguay;2001;0.632
Paraguay;2002;0.642
Paraguay;2003;0.64
Paraguay;2004;0.6459999999999999
Paraguay;2005;0.649
Paraguay;2006;0.649
Paraguay;2007;0.655
Paraguay;2008;0.664
Paraguay;2009;0.659
Paraguay;2010;0.675
Paraguay;2011;0.68
Paraguay;2012;0.68
Paraguay;2013;0.695
Paraguay;2014;0.698
Paraguay;2015;0.7020000000000001
Peru;2000;0.6779999999999999
Peru;2001;0.6859999999999999
Peru;2002;0.687
Peru;2003;0.6859999999999999
Peru;2004;0.693
Peru;2005;0.698
Peru;2006;0.695
Peru;2007;0.703
Peru;2008;0.7120000000000001
Peru;2009;0.715
Peru;2010;0.7170000000000001
Peru;2011;0.7290000000000001
Peru;2012;0.7290000000000001
Peru;2013;0.736
Peru;2014;0.746
Peru;2015;0.745
Philippines;2000;0.624
Philippines;2001;0.628
Philippines;2002;0.633
Philippines;2003;0.637
Philippines;2004;0.647
Philippines;2005;0.65
Philippines;2006;0.6509999999999999
Philippines;2007;0.657
Philippines;2008;0.6609999999999999
Philippines;2009;0.659
Philippines;2010;0.665
Philippines;2011;0.67
Philippines;2012;0.677
Philippines;2013;0.685
Philippines;2014;0.6890000000000001
Philippines;2015;0.693
Poland;2000;0.785
Poland;2001;0.7909999999999999
Poland;2002;0.799
Poland;2003;0.804
Poland;2004;0.802
Poland;2005;0.8079999999999999
Poland;2006;0.8140000000000001
Poland;2007;0.8190000000000001
Poland;2008;0.8240000000000001
Poland;2009;0.828
Poland;2010;0.835
Poland;2011;0.8390000000000001
Poland;2012;0.836
Poland;2013;0.85
Poland;2014;0.8420000000000001
Poland;2015;0.855
Portugal;2000;0.785
Portugal;2001;0.79
Portugal;2002;0.792
Portugal;2003;0.7959999999999999
Portugal;2004;0.797
Portugal;2005;0.8
Portugal;2006;0.8029999999999999
Portugal;2007;0.81
Portugal;2008;0.8140000000000001
Portugal;2009;0.8170000000000001
Portugal;2010;0.8220000000000001
Portugal;2011;0.826
Portugal;2012;0.8290000000000001
Portugal;2013;0.8370000000000001
Portugal;2014;0.8390000000000001
Portugal;2015;0.8420000000000001
Qatar;2000;0.81
Qatar;2001;0.8109999999999999
Qatar;2002;0.816
Qatar;2003;0.823
Qatar;2004;0.826
Qatar;2005;0.831
Qatar;2006;0.8270000000000001
Qatar;2007;0.83
Qatar;2008;0.835
Qatar;2009;0.833
Qatar;2010;0.825
Qatar;2011;0.836
Qatar;2012;0.8440000000000001
Qatar;2013;0.8540000000000001
Qatar;2014;0.853
Qatar;2015;0.8540000000000001
Romania;2000;0.7090000000000001
Romania;2001;0.715
Romania;2002;0.7240000000000001
Romania;2003;0.7340000000000001
Romania;2004;0.746
Romania;2005;0.755
Romania;2006;0.767
Romania;2007;0.7809999999999999
Romania;2008;0.795
Romania;2009;0.7979999999999999
Romania;2010;0.797
Romania;2011;0.7979999999999999
Romania;2012;0.795
Romania;2013;0.8
Romania;2014;0.802
Romania;2015;0.805
Russian Federation;2000;0.72
Russian Federation;2001;0.727
Russian Federation;2002;0.732
Russian Federation;2003;0.74
Russian Federation;2004;0.746
Russian Federation;2005;0.752
Russian Federation;2006;0.759
Russian Federation;2007;0.767
Russian Federation;2008;0.774
Russian Federation;2009;0.7709999999999999
Russian Federation;2010;0.78
Russian Federation;2011;0.789
Russian Federation;2012;0.7979999999999999
Russian Federation;2013;0.804
Russian Federation;2014;0.807
Russian Federation;2015;0.813
Rwanda;2000;0.335
Rwanda;2001;0.345
Rwanda;2002;0.361
Rwanda;2003;0.374
Rwanda;2004;0.391
Rwanda;2005;0.408
Rwanda;2006;0.429
Rwanda;2007;0.445
Rwanda;2008;0.455
Rwanda;2009;0.47
Rwanda;2010;0.485
Rwanda;2011;0.493
Rwanda;2012;0.5
Rwanda;2013;0.503
Rwanda;2014;0.509
Rwanda;2015;0.51
Saint Kitts and Nevis;2000;
Saint Kitts and Nevis;2001;
Saint Kitts and Nevis;2002;
Saint Kitts and Nevis;2003;
Saint Kitts and Nevis;2004;
Saint Kitts and Nevis;2005;0.727
Saint Kitts and Nevis;2006;0.73
Saint Kitts and Nevis;2007;0.733
Saint Kitts and Nevis;2008;0.738
Saint Kitts and Nevis;2009;0.74
Saint Kitts and Nevis;2010;0.745
Saint Kitts and Nevis;2011;0.7509999999999999
Saint Kitts and Nevis;2012;0.7559999999999999
Saint Kitts and Nevis;2013;0.763
Saint Kitts and Nevis;2014;0.77
Saint Kitts and Nevis;2015;0.773
Saint Lucia;2000;0.69
Saint Lucia;2001;0.687
Saint Lucia;2002;0.6890000000000001
Saint Lucia;2003;0.6920000000000001
Saint Lucia;2004;0.695
Saint Lucia;2005;0.7
Saint Lucia;2006;0.711
Saint Lucia;2007;0.713
Saint Lucia;2008;0.7190000000000001
Saint Lucia;2009;0.7240000000000001
Saint Lucia;2010;0.731
Saint Lucia;2011;0.7340000000000001
Saint Lucia;2012;0.73
Saint Lucia;2013;0.733
Saint Lucia;2014;0.737
Saint Lucia;2015;0.7440000000000001
Saint Vincent and Grenadines;2000;0.6729999999999999
Saint Vincent and Grenadines;2001;0.677
Saint Vincent and Grenadines;2002;0.682
Saint Vincent and Grenadines;2003;0.6890000000000001
Saint Vincent and Grenadines;2004;0.6920000000000001
Saint Vincent and Grenadines;2005;0.6970000000000001
Saint Vincent and Grenadines;2006;0.7040000000000001
Saint Vincent and Grenadines;2007;0.7090000000000001
Saint Vincent and Grenadines;2008;0.71
Saint Vincent and Grenadines;2009;0.713
Saint Vincent and Grenadines;2010;0.715
Saint Vincent and Grenadines;2011;0.7170000000000001
Saint Vincent and Grenadines;2012;0.718
Saint Vincent and Grenadines;2013;0.721
Saint Vincent and Grenadines;2014;0.72
Saint Vincent and Grenadines;2015;0.72
Samoa;2000;0.647
Samoa;2001;0.654
Samoa;2002;0.659
Samoa;2003;0.6629999999999999
Samoa;2004;0.669
Samoa;2005;0.6729999999999999
Samoa;2006;0.675
Samoa;2007;0.6809999999999999
Samoa;2008;0.685
Samoa;2009;0.687
Samoa;2010;0.693
Samoa;2011;0.6970000000000001
Samoa;2012;0.6970000000000001
Samoa;2013;0.7
Samoa;2014;0.703
Samoa;2015;0.706
Sao Tome and Principe;2000;0.49
Sao Tome and Principe;2001;0.496
Sao Tome and Principe;2002;0.499
Sao Tome and Principe;2003;0.505
Sao Tome and Principe;2004;0.51
Sao Tome and Principe;2005;0.517
Sao Tome and Principe;2006;0.526
Sao Tome and Principe;2007;0.53
Sao Tome and Principe;2008;0.53
Sao Tome and Principe;2009;0.5379999999999999
Sao Tome and Principe;2010;0.542
Sao Tome and Principe;2011;0.5479999999999999
Sao Tome and Principe;2012;0.551
Sao Tome and Principe;2013;0.56
Sao Tome and Principe;2014;0.5670000000000001
Sao Tome and Principe;2015;0.58
Saudi Arabia;2000;0.743
Saudi Arabia;2001;0.746
Saudi Arabia;2002;0.748
Saudi Arabia;2003;0.7559999999999999
Saudi Arabia;2004;0.765
Saudi Arabia;2005;0.77
Saudi Arabia;2006;0.777
Saudi Arabia;2007;0.7829999999999999
Saudi Arabia;2008;0.7909999999999999
Saudi Arabia;2009;0.7959999999999999
Saudi Arabia;2010;0.8079999999999999
Saudi Arabia;2011;0.823
Saudi Arabia;2012;0.835
Saudi Arabia;2013;0.8440000000000001
Saudi Arabia;2014;0.852
Saudi Arabia;2015;0.8540000000000001
Senegal;2000;0.38
Senegal;2001;0.395
Senegal;2002;0.4
Senegal;2003;0.40700000000000003
Senegal;2004;0.415
Senegal;2005;0.42200000000000004
Senegal;2006;0.42700000000000005
Senegal;2007;0.436
Senegal;2008;0.445
Senegal;2009;0.449
Senegal;2010;0.456
Senegal;2011;0.467
Senegal;2012;0.47600000000000003
Senegal;2013;0.48100000000000004
Senegal;2014;0.486
Senegal;2015;0.49200000000000005
Serbia;2000;0.711
Serbia;2001;0.716
Serbia;2002;0.72
Serbia;2003;0.726
Serbia;2004;0.7340000000000001
Serbia;2005;0.742
Serbia;2006;0.747
Serbia;2007;0.7509999999999999
Serbia;2008;0.757
Serbia;2009;0.759
Serbia;2010;0.759
Serbia;2011;0.769
Serbia;2012;0.768
Serbia;2013;0.7709999999999999
Serbia;2014;0.775
Serbia;2015;0.78
Seychelles;2000;0.718
Seychelles;2001;0.7140000000000001
Seychelles;2002;0.716
Seychelles;2003;0.7170000000000001
Seychelles;2004;0.715
Seychelles;2005;0.73
Seychelles;2006;0.72
Seychelles;2007;0.741
Seychelles;2008;0.741
Seychelles;2009;0.741
Seychelles;2010;0.747
Seychelles;2011;0.741
Seychelles;2012;0.77
Seychelles;2013;0.779
Seychelles;2014;0.7859999999999999
Seychelles;2015;0.7909999999999999
Sierra Leone;2000;0.284
Sierra Leone;2001;0.299
Sierra Leone;2002;0.315
Sierra Leone;2003;0.325
Sierra Leone;2004;0.33399999999999996
Sierra Leone;2005;0.342
Sierra Leone;2006;0.35
Sierra Leone;2007;0.363
Sierra Leone;2008;0.373
Sierra Leone;2009;0.381
Sierra Leone;2010;0.385
Sierra Leone;2011;0.392
Sierra Leone;2012;0.40700000000000003
Sierra Leone;2013;0.419
Sierra Leone;2014;0.423
Sierra Leone;2015;0.413
Singapore;2000;0.8190000000000001
Singapore;2001;0.8220000000000001
Singapore;2002;0.83
Singapore;2003;0.838
Singapore;2004;0.845
Singapore;2005;0.868
Singapore;2006;0.871
Singapore;2007;0.878
Singapore;2008;0.883
Singapore;2009;0.884
Singapore;2010;0.909
Singapore;2011;0.914
Singapore;2012;0.92
Singapore;2013;0.9229999999999999
Singapore;2014;0.9279999999999999
Singapore;2015;0.929
Slovakia;2000;0.764
Slovakia;2001;0.764
Slovakia;2002;0.7709999999999999
Slovakia;2003;0.777
Slovakia;2004;0.785
Slovakia;2005;0.794
Slovakia;2006;0.8029999999999999
Slovakia;2007;0.8140000000000001
Slovakia;2008;0.8220000000000001
Slovakia;2009;0.8240000000000001
Slovakia;2010;0.8290000000000001
Slovakia;2011;0.8370000000000001
Slovakia;2012;0.8420000000000001
Slovakia;2013;0.8440000000000001
Slovakia;2014;0.845
Slovakia;2015;0.851
Slovenia;2000;0.825
Slovenia;2001;0.835
Slovenia;2002;0.843
Slovenia;2003;0.85
Slovenia;2004;0.857
Slovenia;2005;0.861
Slovenia;2006;0.8690000000000001
Slovenia;2007;0.873
Slovenia;2008;0.878
Slovenia;2009;0.878
Slovenia;2010;0.882
Slovenia;2011;0.884
Slovenia;2012;0.877
Slovenia;2013;0.885
Slovenia;2014;0.887
Slovenia;2015;0.889
Solomon Islands;2000;0.45
Solomon Islands;2001;0.455
Solomon Islands;2002;0.462
Solomon Islands;2003;0.469
Solomon Islands;2004;0.47700000000000004
Solomon Islands;2005;0.48700000000000004
Solomon Islands;2006;0.49700000000000005
Solomon Islands;2007;0.505
Solomon Islands;2008;0.504
Solomon Islands;2009;0.49700000000000005
Solomon Islands;2010;0.507
Solomon Islands;2011;0.514
Solomon Islands;2012;0.529
Solomon Islands;2013;0.539
Solomon Islands;2014;0.539
Solomon Islands;2015;0.546
South Africa;2000;0.63
South Africa;2001;0.61
South Africa;2002;0.617
South Africa;2003;0.615
South Africa;2004;0.613
South Africa;2005;0.614
South Africa;2006;0.616
South Africa;2007;0.621
South Africa;2008;0.633
South Africa;2009;0.642
South Africa;2010;0.649
South Africa;2011;0.657
South Africa;2012;0.664
South Africa;2013;0.675
South Africa;2014;0.685
South Africa;2015;0.6920000000000001
South Sudan;2000;
South Sudan;2001;
South Sudan;2002;
South Sudan;2003;
South Sudan;2004;
South Sudan;2005;
South Sudan;2006;
South Sudan;2007;
South Sudan;2008;
South Sudan;2009;
South Sudan;2010;0.413
South Sudan;2011;0.41600000000000004
South Sudan;2012;0.38799999999999996
South Sudan;2013;0.392
South Sudan;2014;0.397
South Sudan;2015;0.39899999999999997
Spain;2000;0.825
Spain;2001;0.828
Spain;2002;0.83
Spain;2003;0.833
Spain;2004;0.8370000000000001
Spain;2005;0.8440000000000001
Spain;2006;0.848
Spain;2007;0.853
Spain;2008;0.856
Spain;2009;0.858
Spain;2010;0.865
Spain;2011;0.87
Spain;2012;0.873
Spain;2013;0.875
Spain;2014;0.88
Spain;2015;0.885
Sri Lanka;2000;0.685
Sri Lanka;2001;0.691
Sri Lanka;2002;0.6970000000000001
Sri Lanka;2003;0.705
Sri Lanka;2004;0.711
Sri Lanka;2005;0.718
Sri Lanka;2006;0.7240000000000001
Sri Lanka;2007;0.73
Sri Lanka;2008;0.738
Sri Lanka;2009;0.74
Sri Lanka;2010;0.745
Sri Lanka;2011;0.7509999999999999
Sri Lanka;2012;0.757
Sri Lanka;2013;0.759
Sri Lanka;2014;0.763
Sri Lanka;2015;0.7659999999999999
Sudan;2000;0.402
Sudan;2001;0.408
Sudan;2002;0.414
Sudan;2003;0.42
Sudan;2004;0.429
Sudan;2005;0.436
Sudan;2006;0.446
Sudan;2007;0.451
Sudan;2008;0.46299999999999997
Sudan;2009;0.46799999999999997
Sudan;2010;0.47
Sudan;2011;0.474
Sudan;2012;0.485
Sudan;2013;0.475
Sudan;2014;0.49200000000000005
Sudan;2015;0.49700000000000005
Suriname;2000;
Suriname;2001;
Suriname;2002;
Suriname;2003;
Suriname;2004;0.6709999999999999
Suriname;2005;0.6759999999999999
Suriname;2006;0.6809999999999999
Suriname;2007;0.687
Suriname;2008;0.691
Suriname;2009;0.677
Suriname;2010;0.703
Suriname;2011;0.706
Suriname;2012;0.711
Suriname;2013;0.715
Suriname;2014;0.718
Suriname;2015;0.722
Sweden;2000;0.897
Sweden;2001;0.9
Sweden;2002;0.902
Sweden;2003;0.9079999999999999
Sweden;2004;0.8959999999999999
Sweden;2005;0.899
Sweden;2006;0.902
Sweden;2007;0.905
Sweden;2008;0.9009999999999999
Sweden;2009;0.899
Sweden;2010;0.905
Sweden;2011;0.9059999999999999
Sweden;2012;0.9079999999999999
Sweden;2013;0.912
Sweden;2014;0.92
Sweden;2015;0.929
Switzerland;2000;0.889
Switzerland;2001;0.8909999999999999
Switzerland;2002;0.8909999999999999
Switzerland;2003;0.8959999999999999
Switzerland;2004;0.9009999999999999
Switzerland;2005;0.905
Switzerland;2006;0.912
Switzerland;2007;0.915
Switzerland;2008;0.917
Switzerland;2009;0.927
Switzerland;2010;0.932
Switzerland;2011;0.932
Switzerland;2012;0.935
Switzerland;2013;0.938
Switzerland;2014;0.9390000000000001
Switzerland;2015;0.9420000000000001
Syrian Arab Republic;2000;0.59
Syrian Arab Republic;2001;0.597
Syrian Arab Republic;2002;0.6
Syrian Arab Republic;2003;0.61
Syrian Arab Republic;2004;0.623
Syrian Arab Republic;2005;0.635
Syrian Arab Republic;2006;0.643
Syrian Arab Republic;2007;0.649
Syrian Arab Republic;2008;0.6459999999999999
Syrian Arab Republic;2009;0.648
Syrian Arab Republic;2010;0.644
Syrian Arab Republic;2011;0.642
Syrian Arab Republic;2012;0.631
Syrian Arab Republic;2013;0.5720000000000001
Syrian Arab Republic;2014;0.55
Syrian Arab Republic;2015;0.5379999999999999
Tajikistan;2000;0.55
Tajikistan;2001;0.5579999999999999
Tajikistan;2002;0.568
Tajikistan;2003;0.578
Tajikistan;2004;0.5870000000000001
Tajikistan;2005;0.593
Tajikistan;2006;0.599
Tajikistan;2007;0.604
Tajikistan;2008;0.618
Tajikistan;2009;0.62
Tajikistan;2010;0.634
Tajikistan;2011;0.637
Tajikistan;2012;0.642
Tajikistan;2013;0.6459999999999999
Tajikistan;2014;0.645
Tajikistan;2015;0.645
Tanzania (United Republic of);2000;0.395
Tanzania (United Republic of);2001;0.40299999999999997
Tanzania (United Republic of);2002;0.413
Tanzania (United Republic of);2003;0.423
Tanzania (United Republic of);2004;0.434
Tanzania (United Republic of);2005;0.44799999999999995
Tanzania (United Republic of);2006;0.45799999999999996
Tanzania (United Republic of);2007;0.46799999999999997
Tanzania (United Republic of);2008;0.47700000000000004
Tanzania (United Republic of);2009;0.486
Tanzania (United Republic of);2010;0.493
Tanzania (United Republic of);2011;0.499
Tanzania (United Republic of);2012;0.506
Tanzania (United Republic of);2013;0.507
Tanzania (United Republic of);2014;0.515
Tanzania (United Republic of);2015;0.528
Thailand;2000;0.649
Thailand;2001;0.657
Thailand;2002;0.6659999999999999
Thailand;2003;0.674
Thailand;2004;0.6829999999999999
Thailand;2005;0.693
Thailand;2006;0.6990000000000001
Thailand;2007;0.71
Thailand;2008;0.7140000000000001
Thailand;2009;0.718
Thailand;2010;0.7240000000000001
Thailand;2011;0.727
Thailand;2012;0.731
Thailand;2013;0.728
Thailand;2014;0.735
Thailand;2015;0.741
The former Yugoslav Republic of Macedonia;2000;0.669
The former Yugoslav Republic of Macedonia;2001;0.6729999999999999
The former Yugoslav Republic of Macedonia;2002;0.679
The former Yugoslav Republic of Macedonia;2003;0.6859999999999999
The former Yugoslav Republic of Macedonia;2004;0.693
The former Yugoslav Republic of Macedonia;2005;0.7020000000000001
The former Yugoslav Republic of Macedonia;2006;0.708
The former Yugoslav Republic of Macedonia;2007;0.7120000000000001
The former Yugoslav Republic of Macedonia;2008;0.728
The former Yugoslav Republic of Macedonia;2009;0.731
The former Yugoslav Republic of Macedonia;2010;0.735
The former Yugoslav Republic of Macedonia;2011;0.738
The former Yugoslav Republic of Macedonia;2012;0.74
The former Yugoslav Republic of Macedonia;2013;0.743
The former Yugoslav Republic of Macedonia;2014;0.747
The former Yugoslav Republic of Macedonia;2015;0.754
Timor-Leste;2000;0.507
Timor-Leste;2001;0.513
Timor-Leste;2002;0.523
Timor-Leste;2003;0.525
Timor-Leste;2004;0.519
Timor-Leste;2005;0.496
Timor-Leste;2006;0.536
Timor-Leste;2007;0.581
Timor-Leste;2008;0.599
Timor-Leste;2009;0.61
Timor-Leste;2010;0.619
Timor-Leste;2011;0.624
Timor-Leste;2012;0.599
Timor-Leste;2013;0.614
Timor-Leste;2014;0.61
Timor-Leste;2015;0.63
Togo;2000;0.425
Togo;2001;0.426
Togo;2002;0.42700000000000005
Togo;2003;0.431
Togo;2004;0.434
Togo;2005;0.436
Togo;2006;0.44299999999999995
Togo;2007;0.441
Togo;2008;0.44
Togo;2009;0.449
Togo;2010;0.456
Togo;2011;0.46299999999999997
Togo;2012;0.466
Togo;2013;0.47200000000000003
Togo;2014;0.48100000000000004
Togo;2015;0.495
Tonga;2000;0.6729999999999999
Tonga;2001;0.677
Tonga;2002;0.6829999999999999
Tonga;2003;0.6920000000000001
Tonga;2004;0.693
Tonga;2005;0.693
Tonga;2006;0.695
Tonga;2007;0.698
Tonga;2008;0.7020000000000001
Tonga;2009;0.706
Tonga;2010;0.7120000000000001
Tonga;2011;0.716
Tonga;2012;0.7170000000000001
Tonga;2013;0.716
Tonga;2014;0.7170000000000001
Tonga;2015;0.721
Trinidad and Tobago;2000;0.716
Trinidad and Tobago;2001;0.721
Trinidad and Tobago;2002;0.728
Trinidad and Tobago;2003;0.737
Trinidad and Tobago;2004;0.746
Trinidad and Tobago;2005;0.752
Trinidad and Tobago;2006;0.757
Trinidad and Tobago;2007;0.768
Trinidad and Tobago;2008;0.773
Trinidad and Tobago;2009;0.772
Trinidad and Tobago;2010;0.775
Trinidad and Tobago;2011;0.773
Trinidad and Tobago;2012;0.774
Trinidad and Tobago;2013;0.779
Trinidad and Tobago;2014;0.779
Trinidad and Tobago;2015;0.7829999999999999
Tunisia;2000;0.653
Tunisia;2001;0.6609999999999999
Tunisia;2002;0.6659999999999999
Tunisia;2003;0.6729999999999999
Tunisia;2004;0.682
Tunisia;2005;0.6890000000000001
Tunisia;2006;0.695
Tunisia;2007;0.701
Tunisia;2008;0.7070000000000001
Tunisia;2009;0.71
Tunisia;2010;0.716
Tunisia;2011;0.718
Tunisia;2012;0.7190000000000001
Tunisia;2013;0.723
Tunisia;2014;0.725
Tunisia;2015;0.728
Turkey;2000;0.655
Turkey;2001;0.662
Turkey;2002;0.672
Turkey;2003;0.679
Turkey;2004;0.685
Turkey;2005;0.69
Turkey;2006;0.701
Turkey;2007;0.708
Turkey;2008;0.71
Turkey;2009;0.718
Turkey;2010;0.7340000000000001
Turkey;2011;0.753
Turkey;2012;0.76
Turkey;2013;0.7709999999999999
Turkey;2014;0.778
Turkey;2015;0.7829999999999999
Turkmenistan;2000;
Turkmenistan;2001;
Turkmenistan;2002;
Turkmenistan;2003;
Turkmenistan;2004;
Turkmenistan;2005;
Turkmenistan;2006;
Turkmenistan;2007;
Turkmenistan;2008;
Turkmenistan;2009;
Turkmenistan;2010;0.6729999999999999
Turkmenistan;2011;0.68
Turkmenistan;2012;0.6859999999999999
Turkmenistan;2013;0.6920000000000001
Turkmenistan;2014;0.6970000000000001
Turkmenistan;2015;0.701
Uganda;2000;0.39799999999999996
Uganda;2001;0.406
Uganda;2002;0.42100000000000004
Uganda;2003;0.43
Uganda;2004;0.43
Uganda;2005;0.43700000000000006
Uganda;2006;0.449
Uganda;2007;0.45899999999999996
Uganda;2008;0.47
Uganda;2009;0.47700000000000004
Uganda;2010;0.486
Uganda;2011;0.49
Uganda;2012;0.49200000000000005
Uganda;2013;0.496
Uganda;2014;0.5
Uganda;2015;0.505
Ukraine;2000;0.6709999999999999
Ukraine;2001;0.6809999999999999
Ukraine;2002;0.6890000000000001
Ukraine;2003;0.6990000000000001
Ukraine;2004;0.706
Ukraine;2005;0.715
Ukraine;2006;0.721
Ukraine;2007;0.7290000000000001
Ukraine;2008;0.733
Ukraine;2009;0.727
Ukraine;2010;0.733
Ukraine;2011;0.738
Ukraine;2012;0.743
Ukraine;2013;0.745
Ukraine;2014;0.748
Ukraine;2015;0.743
United Arab Emirates;2000;0.7979999999999999
United Arab Emirates;2001;0.8029999999999999
United Arab Emirates;2002;0.8079999999999999
United Arab Emirates;2003;0.813
United Arab Emirates;2004;0.818
United Arab Emirates;2005;0.825
United Arab Emirates;2006;0.83
United Arab Emirates;2007;0.835
United Arab Emirates;2008;0.838
United Arab Emirates;2009;0.835
United Arab Emirates;2010;0.836
United Arab Emirates;2011;0.841
United Arab Emirates;2012;0.846
United Arab Emirates;2013;0.851
United Arab Emirates;2014;0.855
United Arab Emirates;2015;0.86
United Kingdom;2000;0.867
United Kingdom;2001;0.871
United Kingdom;2002;0.8740000000000001
United Kingdom;2003;0.878
United Kingdom;2004;0.8859999999999999
United Kingdom;2005;0.8909999999999999
United Kingdom;2006;0.889
United Kingdom;2007;0.892
United Kingdom;2008;0.8959999999999999
United Kingdom;2009;0.899
United Kingdom;2010;0.905
United Kingdom;2011;0.899
United Kingdom;2012;0.898
United Kingdom;2013;0.915
United Kingdom;2014;0.919
United Kingdom;2015;0.9179999999999999
United States;2000;0.885
United States;2001;0.887
United States;2002;0.889
United States;2003;0.893
United States;2004;0.895
United States;2005;0.898
United States;2006;0.9009999999999999
United States;2007;0.905
United States;2008;0.91
United States;2009;0.91
United States;2010;0.914
United States;2011;0.917
United States;2012;0.9179999999999999
United States;2013;0.9159999999999999
United States;2014;0.9179999999999999
United States;2015;0.92
Uruguay;2000;0.742
Uruguay;2001;0.746
Uruguay;2002;0.747
Uruguay;2003;0.75
Uruguay;2004;0.754
Uruguay;2005;0.7559999999999999
Uruguay;2006;0.7609999999999999
Uruguay;2007;0.762
Uruguay;2008;0.7659999999999999
Uruguay;2009;0.778
Uruguay;2010;0.773
Uruguay;2011;0.782
Uruguay;2012;0.79
Uruguay;2013;0.797
Uruguay;2014;0.8009999999999999
Uruguay;2015;0.8
Uzbekistan;2000;0.595
Uzbekistan;2001;0.602
Uzbekistan;2002;0.609
Uzbekistan;2003;0.614
Uzbekistan;2004;0.621
Uzbekistan;2005;0.628
Uzbekistan;2006;0.634
Uzbekistan;2007;0.6459999999999999
Uzbekistan;2008;0.653
Uzbekistan;2009;0.659
Uzbekistan;2010;0.6659999999999999
Uzbekistan;2011;0.674
Uzbekistan;2012;0.6829999999999999
Uzbekistan;2013;0.69
Uzbekistan;2014;0.695
Uzbekistan;2015;0.698
Vanuatu;2000;
Vanuatu;2001;
Vanuatu;2002;
Vanuatu;2003;
Vanuatu;2004;
Vanuatu;2005;0.5720000000000001
Vanuatu;2006;0.579
Vanuatu;2007;0.5820000000000001
Vanuatu;2008;0.589
Vanuatu;2009;0.59
Vanuatu;2010;0.591
Vanuatu;2011;0.5920000000000001
Vanuatu;2012;0.5920000000000001
Vanuatu;2013;0.597
Vanuatu;2014;0.598
Vanuatu;2015;0.599
Venezuela (Bolivarian Republic of);2000;0.672
Venezuela (Bolivarian Republic of);2001;0.68
Venezuela (Bolivarian Republic of);2002;0.688
Venezuela (Bolivarian Republic of);2003;0.687
Venezuela (Bolivarian Republic of);2004;0.7
Venezuela (Bolivarian Republic of);2005;0.7140000000000001
Venezuela (Bolivarian Republic of);2006;0.727
Venezuela (Bolivarian Republic of);2007;0.7440000000000001
Venezuela (Bolivarian Republic of);2008;0.753
Venezuela (Bolivarian Republic of);2009;0.753
Venezuela (Bolivarian Republic of);2010;0.759
Venezuela (Bolivarian Republic of);2011;0.7709999999999999
Venezuela (Bolivarian Republic of);2012;0.774
Venezuela (Bolivarian Republic of);2013;0.7759999999999999
Venezuela (Bolivarian Republic of);2014;0.778
Venezuela (Bolivarian Republic of);2015;0.775
Viet Nam;2000;0.579
Viet Nam;2001;0.5870000000000001
Viet Nam;2002;0.595
Viet Nam;2003;0.603
Viet Nam;2004;0.612
Viet Nam;2005;0.616
Viet Nam;2006;0.624
Viet Nam;2007;0.632
Viet Nam;2008;0.64
Viet Nam;2009;0.6559999999999999
Viet Nam;2010;0.654
Viet Nam;2011;0.664
Viet Nam;2012;0.67
Viet Nam;2013;0.675
Viet Nam;2014;0.6779999999999999
Viet Nam;2015;0.684
Yemen;2000;0.44299999999999995
Yemen;2001;0.45
Yemen;2002;0.456
Yemen;2003;0.46299999999999997
Yemen;2004;0.469
Yemen;2005;0.474
Yemen;2006;0.479
Yemen;2007;0.48200000000000004
Yemen;2008;0.485
Yemen;2009;0.491
Yemen;2010;0.498
Yemen;2011;0.499
Yemen;2012;0.505
Yemen;2013;0.507
Yemen;2014;0.505
Yemen;2015;0.483
Zambia;2000;0.43200000000000005
Zambia;2001;0.44
Zambia;2002;0.449
Zambia;2003;0.46
Zambia;2004;0.469
Zambia;2005;0.48
Zambia;2006;0.49200000000000005
Zambia;2007;0.503
Zambia;2008;0.517
Zambia;2009;0.5329999999999999
Zambia;2010;0.544
Zambia;2011;0.556
Zambia;2012;0.569
Zambia;2013;0.574
Zambia;2014;0.58
Zambia;2015;0.583
Zimbabwe;2000;0.44
Zimbabwe;2001;0.442
Zimbabwe;2002;0.435
Zimbabwe;2003;0.428
Zimbabwe;2004;0.428
Zimbabwe;2005;0.43
Zimbabwe;2006;0.435
Zimbabwe;2007;0.442
Zimbabwe;2008;0.439
Zimbabwe;2009;0.45
Zimbabwe;2010;0.467
Zimbabwe;2011;0.478
Zimbabwe;2012;0.505
Zimbabwe;2013;0.516
Zimbabwe;2014;0.525
Zimbabwe;2015;0.529
